-- phpMyAdmin SQL Dump
-- version 4.8.4
-- https://www.phpmyadmin.net/
--
-- Host: localhost
-- Generation Time: Jan 16, 2019 at 07:23 PM
-- Server version: 10.1.37-MariaDB
-- PHP Version: 7.3.1

SET SQL_MODE = "NO_AUTO_VALUE_ON_ZERO";
SET AUTOCOMMIT = 0;
START TRANSACTION;
SET time_zone = "+00:00";


/*!40101 SET @OLD_CHARACTER_SET_CLIENT=@@CHARACTER_SET_CLIENT */;
/*!40101 SET @OLD_CHARACTER_SET_RESULTS=@@CHARACTER_SET_RESULTS */;
/*!40101 SET @OLD_COLLATION_CONNECTION=@@COLLATION_CONNECTION */;
/*!40101 SET NAMES utf8mb4 */;

--
-- Database: `omacs`
--

-- --------------------------------------------------------

--
-- Table structure for table `audit`
--

CREATE TABLE `audit` (
  `id` int(11) NOT NULL,
  `user` int(11) NOT NULL,
  `page` varchar(255) NOT NULL,
  `timestamp` timestamp NOT NULL DEFAULT CURRENT_TIMESTAMP ON UPDATE CURRENT_TIMESTAMP,
  `ip` varchar(255) NOT NULL,
  `viewed` int(1) NOT NULL
) ENGINE=InnoDB DEFAULT CHARSET=latin1;

--
-- Dumping data for table `audit`
--

INSERT INTO `audit` (`id`, `user`, `page`, `timestamp`, `ip`, `viewed`) VALUES
(1, 11, '70', '2019-01-12 14:05:39', '192.168.178.1', 0);

-- --------------------------------------------------------

--
-- Table structure for table `crons`
--

CREATE TABLE `crons` (
  `id` int(11) NOT NULL,
  `active` int(1) NOT NULL DEFAULT '1',
  `sort` int(3) NOT NULL,
  `name` varchar(255) NOT NULL,
  `file` varchar(255) NOT NULL,
  `createdby` int(11) NOT NULL,
  `created` datetime DEFAULT NULL,
  `modified` timestamp NOT NULL DEFAULT CURRENT_TIMESTAMP ON UPDATE CURRENT_TIMESTAMP
) ENGINE=InnoDB DEFAULT CHARSET=latin1;

--
-- Dumping data for table `crons`
--

INSERT INTO `crons` (`id`, `active`, `sort`, `name`, `file`, `createdby`, `created`, `modified`) VALUES
(1, 0, 100, 'Auto-Backup', 'backup.php', 1, '2017-09-16 07:49:22', '2017-11-11 20:15:36');

-- --------------------------------------------------------

--
-- Table structure for table `crons_logs`
--

CREATE TABLE `crons_logs` (
  `id` int(11) NOT NULL,
  `cron_id` int(11) NOT NULL,
  `datetime` timestamp NOT NULL DEFAULT CURRENT_TIMESTAMP ON UPDATE CURRENT_TIMESTAMP,
  `user_id` int(11) NOT NULL
) ENGINE=InnoDB DEFAULT CHARSET=latin1;

-- --------------------------------------------------------

--
-- Table structure for table `email`
--

CREATE TABLE `email` (
  `id` int(11) NOT NULL,
  `website_name` varchar(100) NOT NULL,
  `smtp_server` varchar(100) NOT NULL,
  `smtp_port` int(10) NOT NULL,
  `email_login` varchar(150) NOT NULL,
  `email_pass` varchar(100) NOT NULL,
  `from_name` varchar(100) NOT NULL,
  `from_email` varchar(150) NOT NULL,
  `transport` varchar(255) NOT NULL,
  `verify_url` varchar(255) NOT NULL,
  `email_act` int(1) NOT NULL,
  `debug_level` int(1) NOT NULL DEFAULT '0',
  `isSMTP` int(1) NOT NULL DEFAULT '0',
  `isHTML` varchar(5) NOT NULL DEFAULT 'true',
  `useSMTPauth` varchar(6) NOT NULL DEFAULT 'true'
) ENGINE=InnoDB DEFAULT CHARSET=utf8;

--
-- Dumping data for table `email`
--

INSERT INTO `email` (`id`, `website_name`, `smtp_server`, `smtp_port`, `email_login`, `email_pass`, `from_name`, `from_email`, `transport`, `verify_url`, `email_act`, `debug_level`, `isSMTP`, `isHTML`, `useSMTPauth`) VALUES
(1, 'OMACS', 'smtp.gmail.com', 25, 'test', 'test', 'OMACS', 'omacs@example.com', 'tls', '', 1, 0, 1, 'true', 'false');

-- --------------------------------------------------------

--
-- Table structure for table `groups_menus`
--

CREATE TABLE `groups_menus` (
  `id` int(11) NOT NULL,
  `group_id` int(15) NOT NULL,
  `menu_id` int(15) NOT NULL
) ENGINE=MyISAM DEFAULT CHARSET=latin1;

--
-- Dumping data for table `groups_menus`
--

INSERT INTO `groups_menus` (`id`, `group_id`, `menu_id`) VALUES
(30, 2, 9),
(29, 0, 8),
(28, 0, 7),
(27, 0, 21),
(5, 0, 3),
(6, 0, 1),
(7, 0, 2),
(8, 0, 51),
(9, 0, 52),
(10, 0, 37),
(11, 0, 38),
(12, 2, 39),
(13, 2, 40),
(14, 2, 41),
(15, 2, 42),
(16, 2, 43),
(17, 2, 44),
(18, 2, 45),
(19, 0, 46),
(20, 0, 47),
(21, 0, 49),
(26, 0, 20),
(25, 0, 18),
(31, 2, 10),
(32, 2, 11),
(33, 2, 12),
(34, 2, 13),
(35, 2, 14),
(36, 2, 15),
(37, 0, 16);

-- --------------------------------------------------------

--
-- Table structure for table `keys`
--

CREATE TABLE `keys` (
  `id` int(11) NOT NULL,
  `stripe_ts` varchar(255) NOT NULL,
  `stripe_tp` varchar(255) NOT NULL,
  `stripe_ls` varchar(255) NOT NULL,
  `stripe_lp` varchar(255) NOT NULL,
  `recap_pub` varchar(100) NOT NULL,
  `recap_pri` varchar(100) NOT NULL
) ENGINE=InnoDB DEFAULT CHARSET=utf8;

-- --------------------------------------------------------

--
-- Table structure for table `logs`
--

CREATE TABLE `logs` (
  `id` int(11) NOT NULL,
  `user_id` int(3) NOT NULL,
  `logdate` timestamp NOT NULL DEFAULT CURRENT_TIMESTAMP ON UPDATE CURRENT_TIMESTAMP,
  `logtype` varchar(25) NOT NULL,
  `lognote` text NOT NULL
) ENGINE=MyISAM DEFAULT CHARSET=latin1;

--
-- Dumping data for table `logs`
--

INSERT INTO `logs` (`id`, `user_id`, `logdate`, `logtype`, `lognote`) VALUES
(0, 1, '2019-01-01 00:00:00', 'System settings', 'OMACS installed');

-- --------------------------------------------------------

--
-- Table structure for table `logs_exempt`
--

CREATE TABLE `logs_exempt` (
  `id` int(11) NOT NULL,
  `name` varchar(255) NOT NULL,
  `createdby` int(11) NOT NULL,
  `created` timestamp NOT NULL DEFAULT CURRENT_TIMESTAMP ON UPDATE CURRENT_TIMESTAMP
) ENGINE=MyISAM DEFAULT CHARSET=latin1;

-- --------------------------------------------------------

--
-- Table structure for table `menus`
--

CREATE TABLE `menus` (
  `id` int(10) NOT NULL,
  `menu_title` varchar(255) NOT NULL,
  `parent` int(10) NOT NULL,
  `dropdown` int(1) NOT NULL,
  `logged_in` int(1) NOT NULL,
  `display_order` int(10) NOT NULL,
  `label` varchar(255) NOT NULL,
  `link` varchar(255) NOT NULL,
  `icon_class` varchar(255) NOT NULL
) ENGINE=MyISAM DEFAULT CHARSET=latin1;

--
-- Dumping data for table `menus`
--

INSERT INTO `menus` (`id`, `menu_title`, `parent`, `dropdown`, `logged_in`, `display_order`, `label`, `link`, `icon_class`) VALUES
(1, 'main', 2, 0, 1, 1, 'Home', '', 'fa fa-fw fa-home'),
(2, 'main', -1, 1, 1, 14, '', '', 'fa fa-fw fa-cogs'),
(3, 'main', -1, 0, 1, 11, '{{username}}', 'users/account.php', 'fa fa-fw fa-user'),
(4, 'main', -1, 1, 0, 3, 'Help', '', 'fa fa-fw fa-life-ring'),
(5, 'main', -1, 0, 0, 2, 'Register', 'users/join.php', 'fa fa-fw fa-plus-square'),
(6, 'main', -1, 0, 0, 1, 'Log In', 'users/login.php', 'fa fa-fw fa-sign-in'),
(7, 'main', 2, 0, 1, 2, 'Account', 'users/account.php', 'fa fa-fw fa-user'),
(8, 'main', 2, 0, 1, 3, '{{hr}}', '', ''),
(9, 'main', 2, 0, 1, 4, 'Admin Dashboard', 'users/admin.php', 'fa fa-fw fa-cogs'),
(10, 'main', 2, 0, 1, 5, 'User Management', 'users/admin_users.php', 'fa fa-fw fa-user'),
(11, 'main', 2, 0, 1, 6, 'Permissions Manager', 'users/admin_permissions.php', 'fa fa-fw fa-lock'),
(12, 'main', 2, 0, 1, 7, 'Page Management', 'users/admin_pages.php', 'fa fa-fw fa-wrench'),
(13, 'main', 2, 0, 1, 8, 'Messages Manager', 'users/admin_messages.php', 'fa fa-fw fa-envelope'),
(14, 'main', 2, 0, 1, 9, 'System Logs', 'users/admin_logs.php', 'fa fa-fw fa-search'),
(15, 'main', 2, 0, 1, 10, '{{hr}}', '', ''),
(16, 'main', 2, 0, 1, 11, 'Logout', 'users/logout.php', 'fa fa-fw fa-sign-out'),
(17, 'main', -1, 0, 0, 0, 'Home', '', 'fa fa-fw fa-home'),
(18, 'main', -1, 0, 1, 10, 'Home', '', 'fa fa-fw fa-home'),
(19, 'main', 4, 0, 0, 1, 'Forgot Password', 'users/forgot_password.php', 'fa fa-fw fa-wrench'),
(20, 'main', -1, 0, 1, 12, '{{notifications}}', '', ''),
(21, 'main', -1, 0, 1, 13, '{{messages}}', '', ''),
(22, 'main', 4, 0, 0, 99999, 'Resend Activation Email', 'users/verify_resend.php', 'fa fa-exclamation-triangle');

-- --------------------------------------------------------

--
-- Table structure for table `messages`
--

CREATE TABLE `messages` (
  `id` int(11) NOT NULL,
  `msg_from` int(11) NOT NULL,
  `msg_to` int(11) NOT NULL,
  `msg_body` text NOT NULL,
  `msg_read` int(1) NOT NULL,
  `msg_thread` int(11) NOT NULL,
  `deleted` int(1) NOT NULL,
  `sent_on` datetime NOT NULL
) ENGINE=InnoDB DEFAULT CHARSET=latin1;

--
-- Dumping data for table `messages`
--

INSERT INTO `messages` (`id`, `msg_from`, `msg_to`, `msg_body`, `msg_read`, `msg_thread`, `deleted`, `sent_on`) VALUES
(1, 1, 2, '&lt;p&gt;fgds&lt;/p&gt;', 0, 1, 0, '2017-08-06 00:13:47'),
(2, 1, 2, '&lt;p&gt;Did it work?&lt;/p&gt;', 0, 2, 0, '2017-09-09 15:10:09');

-- --------------------------------------------------------

--
-- Table structure for table `message_threads`
--

CREATE TABLE `message_threads` (
  `id` int(11) NOT NULL,
  `msg_to` int(11) NOT NULL,
  `msg_from` int(11) NOT NULL,
  `msg_subject` varchar(255) NOT NULL,
  `last_update` datetime NOT NULL,
  `last_update_by` int(11) NOT NULL,
  `archive_from` int(1) NOT NULL DEFAULT '0',
  `archive_to` int(1) NOT NULL DEFAULT '0',
  `hidden_from` int(1) NOT NULL DEFAULT '0',
  `hidden_to` int(1) NOT NULL DEFAULT '0'
) ENGINE=InnoDB DEFAULT CHARSET=latin1;

--
-- Dumping data for table `message_threads`
--

INSERT INTO `message_threads` (`id`, `msg_to`, `msg_from`, `msg_subject`, `last_update`, `last_update_by`, `archive_from`, `archive_to`, `hidden_from`, `hidden_to`) VALUES
(1, 2, 1, 'Testiing123', '2017-08-06 00:13:47', 1, 0, 0, 0, 0),
(2, 2, 1, 'Testing Message Badge', '2017-09-09 15:10:09', 1, 0, 0, 0, 0);

-- --------------------------------------------------------

--
-- Table structure for table `mqtt`
--

CREATE TABLE `mqtt` (
  `id` int(11) NOT NULL,
  `server` varchar(255) NOT NULL,
  `port` int(11) NOT NULL,
  `username` varchar(255) NOT NULL,
  `password` varchar(255) NOT NULL,
  `nickname` varchar(255) NOT NULL
) ENGINE=InnoDB DEFAULT CHARSET=latin1;

--
-- Dumping data for table `mqtt`
--

INSERT INTO `mqtt` (`id`, `server`, `port`, `username`, `password`, `nickname`) VALUES
(2, '192.168.0.222', 1883, '', '', 'Raspberry PI MQTT2');

-- --------------------------------------------------------

--
-- Table structure for table `notifications`
--

CREATE TABLE `notifications` (
  `id` int(11) UNSIGNED NOT NULL,
  `user_id` int(11) NOT NULL,
  `message` mediumtext NOT NULL,
  `is_read` tinyint(4) NOT NULL,
  `is_archived` tinyint(1) DEFAULT '0',
  `date_created` datetime DEFAULT NULL,
  `date_read` datetime DEFAULT NULL,
  `last_updated` timestamp NOT NULL DEFAULT CURRENT_TIMESTAMP ON UPDATE CURRENT_TIMESTAMP
) ENGINE=InnoDB DEFAULT CHARSET=utf8;

-- --------------------------------------------------------

--
-- Table structure for table `omacs`
--

CREATE TABLE `omacs` (
  `type` longtext COLLATE utf8mb4_unicode_ci NOT NULL,
  `data` longtext COLLATE utf8mb4_unicode_ci NOT NULL
) ENGINE=InnoDB DEFAULT CHARSET=utf8mb4 COLLATE=utf8mb4_unicode_ci;

--
-- Dumping data for table `omacs`
--

INSERT INTO `omacs` (`type`, `data`) VALUES
('pages', 'ewogICAgImhvbWUiOiB7CiAgICAgICAgInRpdGxlIjogIkhvbWUiLAogICAgICAgICJ0eXBlIjogInBhZ2UiLAogICAgICAgICJwZXJtIjogWwogICAgICAgICAgICAiVXNlciIsCiAgICAgICAgICAgICJBZG1pbmlzdHJhdG9yIgogICAgICAgIF0sCiAgICAgICAgImxvZ2luIjogdHJ1ZSwKICAgICAgICAiZWRpdCI6IHRydWUsCiAgICAgICAgImNhbl9lZGl0IjogWwogICAgICAgICAgICAiQWRtaW5pc3RyYXRvciIKICAgICAgICBdLAogICAgICAgICJjb250ZW50IjogWwogICAgICAgICAgICB7CiAgICAgICAgICAgICAgICAidHlwZSI6ICJjYXJkIiwKICAgICAgICAgICAgICAgICJ0aXRsZSI6ICJPTUFDUyIsCiAgICAgICAgICAgICAgICAicGVybSI6IFtdLAogICAgICAgICAgICAgICAgImVkaXQiOiB0cnVlLAogICAgICAgICAgICAgICAgImNhbl9lZGl0IjogW10sCiAgICAgICAgICAgICAgICAibG9naW4iOiB0cnVlLAogICAgICAgICAgICAgICAgImNvbnRlbnQiOiB7CiAgICAgICAgICAgICAgICAgICAgInR5cGUiOiAidGV4dCIsCiAgICAgICAgICAgICAgICAgICAgImRhdGEiOiBbCiAgICAgICAgICAgICAgICAgICAgICAgICJXZWxjb21lIHRvIFtiXU9NQUNTW1wvYl0hXCJcIiIKICAgICAgICAgICAgICAgICAgICBdCiAgICAgICAgICAgICAgICB9CiAgICAgICAgICAgIH0KICAgICAgICBdLAogICAgICAgICJ0YXJnZXQiOiBbCiAgICAgICAgICAgIHsKICAgICAgICAgICAgICAgICJwZXJtIjogWwogICAgICAgICAgICAgICAgICAgICJVc2VyIiwKICAgICAgICAgICAgICAgICAgICAiQWRtaW5pc3RyYXRvciIKICAgICAgICAgICAgICAgIF0sCiAgICAgICAgICAgICAgICAiY2FuX2VkaXQiOiBbCiAgICAgICAgICAgICAgICAgICAgIlVzZXIiLAogICAgICAgICAgICAgICAgICAgICJBZG1pbmlzdHJhdG9yIgogICAgICAgICAgICAgICAgXQogICAgICAgICAgICB9LAogICAgICAgICAgICB7CiAgICAgICAgICAgICAgICAicGVybSI6IFsKICAgICAgICAgICAgICAgICAgICAiVXNlciIsCiAgICAgICAgICAgICAgICAgICAgIkFkbWluaXN0cmF0b3IiLAogICAgICAgICAgICAgICAgICAgICJ3d3ciCiAgICAgICAgICAgICAgICBdLAogICAgICAgICAgICAgICAgImNhbl9lZGl0IjogWwogICAgICAgICAgICAgICAgICAgICJVc2VyIiwKICAgICAgICAgICAgICAgICAgICAiQWRtaW5pc3RyYXRvciIsCiAgICAgICAgICAgICAgICAgICAgInd3dyIKICAgICAgICAgICAgICAgIF0KICAgICAgICAgICAgfSwKICAgICAgICAgICAgewogICAgICAgICAgICAgICAgInBlcm0iOiBbCiAgICAgICAgICAgICAgICAgICAgIlVzZXIiLAogICAgICAgICAgICAgICAgICAgICJBZG1pbmlzdHJhdG9yIgogICAgICAgICAgICAgICAgXSwKICAgICAgICAgICAgICAgICJjYW5fZWRpdCI6IFsKICAgICAgICAgICAgICAgICAgICAiVXNlciIsCiAgICAgICAgICAgICAgICAgICAgIkFkbWluaXN0cmF0b3IiCiAgICAgICAgICAgICAgICBdCiAgICAgICAgICAgIH0KICAgICAgICBdCiAgICB9LAogICAgInByb2ZpbGUiOiB7CiAgICAgICAgInRpdGxlIjogIlByb2ZpbGUiLAogICAgICAgICJ0eXBlIjogImRpcmVjdCIsCiAgICAgICAgInBlcm0iOiBbCiAgICAgICAgICAgICJVc2VyIgogICAgICAgIF0sCiAgICAgICAgImxvZ2luIjogdHJ1ZSwKICAgICAgICAiZWRpdCI6IHRydWUsCiAgICAgICAgImNhbl9lZGl0IjogWwogICAgICAgICAgICAiQWRtaW5pc3RyYXRvciIKICAgICAgICBdLAogICAgICAgICJjb250ZW50IjogImRpcmVjdFwvcHJvZmlsZS5waHAiCiAgICB9LAogICAgInByb2ZpbGVfc2V0dGluZ3MiOiB7CiAgICAgICAgInRpdGxlIjogIlByb2ZpbGUgc2V0dGluZ3MiLAogICAgICAgICJ0eXBlIjogImRpcmVjdCIsCiAgICAgICAgInBlcm0iOiBbCiAgICAgICAgICAgICJVc2VyIgogICAgICAgIF0sCiAgICAgICAgImVkaXQiOiB0cnVlLAogICAgICAgICJjYW5fZWRpdCI6IFsKICAgICAgICAgICAgIkFkbWluaXN0cmF0b3IiCiAgICAgICAgXSwKICAgICAgICAibG9naW4iOiB0cnVlLAogICAgICAgICJjb250ZW50IjogImRpcmVjdFwvcHJvZmlsZV9zZXR0aW5ncy5waHAiCiAgICB9LAogICAgImxvZ2luIjogewogICAgICAgICJ0aXRsZSI6ICJMb2dpbiIsCiAgICAgICAgInR5cGUiOiAiZGlyZWN0IiwKICAgICAgICAicGVybSI6IFtdLAogICAgICAgICJsb2dpbiI6IGZhbHNlLAogICAgICAgICJlZGl0IjogdHJ1ZSwKICAgICAgICAiY2FuX2VkaXQiOiBbCiAgICAgICAgICAgICJBZG1pbmlzdHJhdG9yIgogICAgICAgIF0sCiAgICAgICAgImNvbnRlbnQiOiAiZGlyZWN0XC9sb2dpbi5waHAiCiAgICB9LAogICAgImZvcmdvdF9wYXNzd29yZCI6IHsKICAgICAgICAidGl0bGUiOiAiRm9yZ290IHBhc3N3b3JkIiwKICAgICAgICAidHlwZSI6ICJkaXJlY3QiLAogICAgICAgICJwZXJtIjogW10sCiAgICAgICAgImxvZ2luIjogZmFsc2UsCiAgICAgICAgImVkaXQiOiB0cnVlLAogICAgICAgICJjYW5fZWRpdCI6IFsKICAgICAgICAgICAgIkFkbWluaXN0cmF0b3IiCiAgICAgICAgXSwKICAgICAgICAiY29udGVudCI6ICJkaXJlY3RcL2ZvcmdvdF9wYXNzd29yZC5waHAiCiAgICB9LAogICAgInBhc3N3b3JkX3Jlc2V0IjogewogICAgICAgICJ0aXRsZSI6ICJGb3Jnb3QgcGFzc3dvcmQiLAogICAgICAgICJ0eXBlIjogImRpcmVjdCIsCiAgICAgICAgInBlcm0iOiBbXSwKICAgICAgICAibG9naW4iOiBmYWxzZSwKICAgICAgICAiZWRpdCI6IHRydWUsCiAgICAgICAgImNhbl9lZGl0IjogWwogICAgICAgICAgICAiQWRtaW5pc3RyYXRvciIKICAgICAgICBdLAogICAgICAgICJjb250ZW50IjogImRpcmVjdFwvZm9yZ290X3Bhc3N3b3JkX3Jlc2V0LnBocCIKICAgIH0sCiAgICAiNDAzIjogewogICAgICAgICJ0aXRsZSI6ICI0MDMgZm9yYmlkZGVuIiwKICAgICAgICAidHlwZSI6ICJkaXJlY3QiLAogICAgICAgICJwZXJtIjogW10sCiAgICAgICAgImxvZ2luIjogZmFsc2UsCiAgICAgICAgImVkaXQiOiB0cnVlLAogICAgICAgICJjYW5fZWRpdCI6IFsKICAgICAgICAgICAgIkFkbWluaXN0cmF0b3IiCiAgICAgICAgXSwKICAgICAgICAiY29udGVudCI6ICJkaXJlY3RcLzQwMy5waHAiCiAgICB9LAogICAgImNvcHlyaWdodCI6IHsKICAgICAgICAidGl0bGUiOiAiQ29weXJpZ2h0IiwKICAgICAgICAidHlwZSI6ICJwYWdlIiwKICAgICAgICAicGVybSI6IFsKICAgICAgICAgICAgIkFkbWluaXN0cmF0b3IiCiAgICAgICAgXSwKICAgICAgICAibG9naW4iOiBmYWxzZSwKICAgICAgICAiZWRpdCI6IHRydWUsCiAgICAgICAgImNhbl9lZGl0IjogWwogICAgICAgICAgICAiQWRtaW5pc3RyYXRvciIKICAgICAgICBdLAogICAgICAgICJjb250ZW50IjogWwogICAgICAgICAgICB7CiAgICAgICAgICAgICAgICAidGl0bGUiOiAiQ29weXJpZ2h0IiwKICAgICAgICAgICAgICAgICJ0eXBlIjogImNhcmQiLAogICAgICAgICAgICAgICAgInBlcm0iOiBbCiAgICAgICAgICAgICAgICAgICAgIkFkbWluaXN0cmF0b3IiCiAgICAgICAgICAgICAgICBdLAogICAgICAgICAgICAgICAgImVkaXQiOiB0cnVlLAogICAgICAgICAgICAgICAgImNhbl9lZGl0IjogWwogICAgICAgICAgICAgICAgICAgICJBZG1pbmlzdHJhdG9yIgogICAgICAgICAgICAgICAgXSwKICAgICAgICAgICAgICAgICJsb2dpbiI6IGZhbHNlLAogICAgICAgICAgICAgICAgImNvbnRlbnQiOiB7CiAgICAgICAgICAgICAgICAgICAgInR5cGUiOiAidGV4dCIsCiAgICAgICAgICAgICAgICAgICAgImRhdGEiOiBbCiAgICAgICAgICAgICAgICAgICAgICAgICJPTUFDUyAtIFRoZSBvbmxpbmUgbWVtYmVyIGFuZCBjb21taXR0ZWUgc3lzdGVtXG5Db3B5cmlnaHQgKEMpIDIwMTggLSBKb3BwZSBCbG9uZGVsXG5cblRoaXMgcHJvZ3JhbSBpcyBmcmVlIHNvZnR3YXJlOiB5b3UgY2FuIHJlZGlzdHJpYnV0ZSBpdCBhbmRcL29yIG1vZGlmeVxuaXQgdW5kZXIgdGhlIHRlcm1zIG9mIHRoZSBHTlUgR2VuZXJhbCBQdWJsaWMgTGljZW5zZSBhcyBwdWJsaXNoZWQgYnlcbnRoZSBGcmVlIFNvZnR3YXJlIEZvdW5kYXRpb24sIGVpdGhlciB2ZXJzaW9uIDMgb2YgdGhlIExpY2Vuc2UsIG9yXG4oYXQgeW91ciBvcHRpb24pIGFueSBsYXRlciB2ZXJzaW9uLlxuXG5UaGlzIHByb2dyYW0gaXMgZGlzdHJpYnV0ZWQgaW4gdGhlIGhvcGUgdGhhdCBpdCB3aWxsIGJlIHVzZWZ1bCxcbmJ1dCBXSVRIT1VUIEFOWSBXQVJSQU5UWTsgd2l0aG91dCBldmVuIHRoZSBpbXBsaWVkIHdhcnJhbnR5IG9mXG5NRVJDSEFOVEFCSUxJVFkgb3IgRklUTkVTUyBGT1IgQSBQQVJUSUNVTEFSIFBVUlBPU0UuICBTZWUgdGhlXG5HTlUgR2VuZXJhbCBQdWJsaWMgTGljZW5zZSBmb3IgbW9yZSBkZXRhaWxzLlxuXG5bYl1bdXJsPT92aWV3bmE9bGljZW5jZV1BIGNvcHkgb2YgdGhlIEdOVSBHZW5lcmFsIFB1YmxpYyBMaWNlbmNlW1wvdXJsXVtcL2JdIgogICAgICAgICAgICAgICAgICAgIF0KICAgICAgICAgICAgICAgIH0KICAgICAgICAgICAgfSwKICAgICAgICAgICAgewogICAgICAgICAgICAgICAgInRpdGxlIjogIkFib3V0IE9NQUNTIiwKICAgICAgICAgICAgICAgICJ0eXBlIjogImNhcmQiLAogICAgICAgICAgICAgICAgInBlcm0iOiBbCiAgICAgICAgICAgICAgICAgICAgIlVzZXIiLAogICAgICAgICAgICAgICAgICAgICJBZG1pbmlzdHJhdG9yIgogICAgICAgICAgICAgICAgXSwKICAgICAgICAgICAgICAgICJlZGl0IjogdHJ1ZSwKICAgICAgICAgICAgICAgICJjYW5fZWRpdCI6IFsKICAgICAgICAgICAgICAgICAgICAiVXNlciIsCiAgICAgICAgICAgICAgICAgICAgIkFkbWluaXN0cmF0b3IiCiAgICAgICAgICAgICAgICBdLAogICAgICAgICAgICAgICAgImxvZ2luIjogZmFsc2UsCiAgICAgICAgICAgICAgICAiY29udGVudCI6IHsKICAgICAgICAgICAgICAgICAgICAidHlwZSI6ICJkaXJlY3QiLAogICAgICAgICAgICAgICAgICAgICJkYXRhIjogWwogICAgICAgICAgICAgICAgICAgICAgICAiYWJvdXQucGhwIgogICAgICAgICAgICAgICAgICAgIF0KICAgICAgICAgICAgICAgIH0KICAgICAgICAgICAgfSwKICAgICAgICAgICAgewogICAgICAgICAgICAgICAgInRpdGxlIjogIlVzZWQgc29mdHdhcmUiLAogICAgICAgICAgICAgICAgInR5cGUiOiAiY2FyZCIsCiAgICAgICAgICAgICAgICAicGVybSI6IFsKICAgICAgICAgICAgICAgICAgICAiQWRtaW5pc3RyYXRvciIKICAgICAgICAgICAgICAgIF0sCiAgICAgICAgICAgICAgICAiZWRpdCI6IHRydWUsCiAgICAgICAgICAgICAgICAiY2FuX2VkaXQiOiBbCiAgICAgICAgICAgICAgICAgICAgIkFkbWluaXN0cmF0b3IiCiAgICAgICAgICAgICAgICBdLAogICAgICAgICAgICAgICAgImxvZ2luIjogZmFsc2UsCiAgICAgICAgICAgICAgICAiY29udGVudCI6IHsKICAgICAgICAgICAgICAgICAgICAidHlwZSI6ICJ0ZXh0IiwKICAgICAgICAgICAgICAgICAgICAiZGF0YSI6IFsKICAgICAgICAgICAgICAgICAgICAgICAgIk9NQUNTIGlzIGJ1aWxkIHVwb24gb3RoZXIgcGllY2VzIG9mIHNvZnR3YXJlOlxuW2ldW3VybD1odHRwOlwvXC93d3cudXNlcnNwaWNlLmNvbV0rIFVzZXJzcGljZVtcL3VybF1bXC9pXVxuT01BQ1MgaGFzIGZ1bGx5IGludGVncmF0ZWQgVXNlcnNwaWNlIGluIGl0cyBlbnZpcm9ubWVudCwgdGh1cyBlZGl0ZWQgdGhlaXIgY29kZS4gQ29waWVzIGFyZSBtYWRlIG9mIGltcG9ydGFudCBmaWxlcyBhbmQgY2hhbmdlZCBpbnRvIE9NQUNTIHBhZ2VzLiBPcmlnaW5hbCBmaWxlcyBhcmUga2VwdCBpbiB0aGUgcGxhY2UgVXNlcnNwaWNlIGhhZCB0aGVtOiBuYW1lbHkgdGhlICd1c2VycycgZm9sZGVyLiBVc2Vyc3BpY2UgaXMgc3RpbGwgYWNjZXNzaWJsZSB2aWEgdGhlICdVc2Vyc3BpY2UgZGFzaGJvYXJkJyBvcHRpb24gaW4gdGhlIE9NQUNTIG1lbnUsIHZpc2libGUgZm9yIHVzZXJzIHdpdGggYWRtaW5pc3RyYXRvciByaWdodHMuXG5baV1bdXJsPWh0dHA6XC9cL2pzY29sb3IuY29tXSsganNjb2xvcltcL3VybF1bXC9pXVxuW2ldW3VybD1odHRwOlwvXC9tYW5vcy5tYWxpaHUuZ3JcL2pxdWVyeS1jdXN0b20tY29udGVudC1zY3JvbGxlclwvXSsgalF1ZXJ5IGN1c3RvbSBzY3JvbGxiYXJbXC91cmxdW1wvaV0iCiAgICAgICAgICAgICAgICAgICAgXQogICAgICAgICAgICAgICAgfQogICAgICAgICAgICB9CiAgICAgICAgXSwKICAgICAgICAidGFyZ2V0IjogWwogICAgICAgICAgICB7CiAgICAgICAgICAgICAgICAicGVybSI6IFsKICAgICAgICAgICAgICAgICAgICAiQWRtaW5pc3RyYXRvciIKICAgICAgICAgICAgICAgIF0sCiAgICAgICAgICAgICAgICAiY2FuX2VkaXQiOiBbCiAgICAgICAgICAgICAgICAgICAgIkFkbWluaXN0cmF0b3IiCiAgICAgICAgICAgICAgICBdCiAgICAgICAgICAgIH0sCiAgICAgICAgICAgIHsKICAgICAgICAgICAgICAgICJwZXJtIjogWwogICAgICAgICAgICAgICAgICAgICJBZG1pbmlzdHJhdG9yIgogICAgICAgICAgICAgICAgXSwKICAgICAgICAgICAgICAgICJjYW5fZWRpdCI6IFsKICAgICAgICAgICAgICAgICAgICAiQWRtaW5pc3RyYXRvciIKICAgICAgICAgICAgICAgIF0KICAgICAgICAgICAgfQogICAgICAgIF0KICAgIH0sCiAgICAib21hY3Nfc3R5bGUiOiB7CiAgICAgICAgInRpdGxlIjogIlN0eWxlIHNldHRpbmdzIiwKICAgICAgICAidHlwZSI6ICJkaXJlY3QiLAogICAgICAgICJwZXJtIjogewogICAgICAgICAgICAiMSI6ICJBZG1pbmlzdHJhdG9yIgogICAgICAgIH0sCiAgICAgICAgImxvZ2luIjogdHJ1ZSwKICAgICAgICAiZWRpdCI6IHRydWUsCiAgICAgICAgImNhbl9lZGl0IjogWwogICAgICAgICAgICAiQWRtaW5pc3RyYXRvciIKICAgICAgICBdLAogICAgICAgICJjb250ZW50IjogImRpcmVjdFwvc3R5bGVfc2V0dGluZ3MucGhwIgogICAgfSwKICAgICJoZWxwIjogewogICAgICAgICJ0aXRsZSI6ICJIZWxwIiwKICAgICAgICAidHlwZSI6ICJwYWdlIiwKICAgICAgICAicGVybSI6IFsKICAgICAgICAgICAgIlVzZXIiLAogICAgICAgICAgICAiQWRtaW5pc3RyYXRvciIKICAgICAgICBdLAogICAgICAgICJsb2dpbiI6IGZhbHNlLAogICAgICAgICJlZGl0IjogdHJ1ZSwKICAgICAgICAiY2FuX2VkaXQiOiBbCiAgICAgICAgICAgICJBZG1pbmlzdHJhdG9yIgogICAgICAgIF0sCiAgICAgICAgImNvbnRlbnQiOiBbCiAgICAgICAgICAgIHsKICAgICAgICAgICAgICAgICJ0eXBlIjogImNhcmQiLAogICAgICAgICAgICAgICAgInRpdGxlIjogIkhlbHAiLAogICAgICAgICAgICAgICAgInBlcm0iOiBbXSwKICAgICAgICAgICAgICAgICJlZGl0IjogdHJ1ZSwKICAgICAgICAgICAgICAgICJjYW5fZWRpdCI6IFtdLAogICAgICAgICAgICAgICAgImxvZ2luIjogdHJ1ZSwKICAgICAgICAgICAgICAgICJjb250ZW50IjogewogICAgICAgICAgICAgICAgICAgICJ0eXBlIjogImFjY29yZGlvbiIsCiAgICAgICAgICAgICAgICAgICAgImRhdGEiOiBbCiAgICAgICAgICAgICAgICAgICAgICAgICJJbnRyb2R1Y3Rpb25cXENBUkRTIEFQSXYyXFwiLAogICAgICAgICAgICAgICAgICAgICAgICAiT01BQ1MgaXMgYW4gb25saW5lIHBsYXRmb3JtIHdoaWNoIGNhbiBhY3QgYXMgYSBzaW1wbGUgc2l0ZSBlbmdpbmUgb3IgYSBtZW1iZXIgbG9jay4gT01BQ1MgaXMgbW9zdGx5IHdyaXR0ZW4gaW4gUEhQIGFuZCBpcyB3cmFwcGVkIGFyb3VuZCBVc2VyU3BpY2UsIGEgdXNlciBsb2dpbiBmcmFtZXdvcmsuXG5cbkN1cnJlbnRseSBPTUFDUyBpcyBzdGlsbCBpbiBkZXZlbG9tcGVudCBwaGFzZS4gVGhpcyBtZWFucyB0aGF0IHRoZSB2ZXJzaW9ucyAodjAueC55KSBkbyBub3QgaGF2ZSB0byBiZSBzdGFibGUhXG5cblBhZ2VzIGluIE9NQUNTIGFyZSBvcmdhbmlzZWQgaW4gc28gY2FsbGVkICdjYXJkcycuIEEgY2FyZCBpcyBhIHNtYWxsIHBpZWNlIG9mIHBhZ2Ugd2hpY2ggYW4gb3duIGhlYWRlci4gVXNlcnMgd2hpY2ggaGF2ZSBwZXJtaXNzaW9uIHRvIGNoYW5nZSBjZXJ0YWluIHBhZ2VzIGNhbiBhY2Nlc3Mgc2V0dGluZ3Mgb2YgdGhlIGNhcmRzIG9uIHRoYXQgcGFnZSBhbmQgY2hhbmdlIHRoZWlyIGJlaGF2aW91ciBvciBjb250ZW50LiBPTUFDUyBpcyBzaGlwcGVkIHdpdGggYSBmZXcgc3RhbmRhcmQgY2FyZCB0eXBlcy4gT01BQ1MgYWxsb3dzIGZvciB0aGlyZCBwYXJ0eSBjYXJkIHR5cGVzIGFuZCBwcm92aWRlcyB0aGUgT01BQ1MgQ0FSRFMgQVBJIChjdXJyZW50bHkgQVBJdjIpLlxcT01BQ1MgdXNlcyBzbyBjYWxsZWQgY2FyZHMuIEEgY2FyZCBpcyBhIFBIUCBjbGFzcyBjb250YWluaW5nIGZ1bmN0aW9ucyB3aGljaCByZW5kZXIgdGhlIGNhcmQgaXRzZWxmIG9uIHRoZSBwYWdlIGFuZCB0aGUgc2V0dGluZ3Mgb24gdGhlIHBhZ2Ugc2V0dGluZ3MgcGFnZS4gVGhlIGNhcmQgb2JqZWN0IHNob3VsZCBleHRlbmQgW3F1b3RlXWNhcmRfdjJbXC9xdW90ZV0uIFRoZSBjYXJkIG11c3QgY29udGFpbiB0aGUgZm9sbG93aW5nIGZ1bmN0aW9uczpcblxuLSBbcXVvdGVdX19jb25zdHJ1Y3QoJF9pZCkgW1wvcXVvdGVdXG5UaGUgY29uc3RydWN0b3IgdGFrZXMgYW4gSUQsIGEgbnVtYmVyIGdpdmVuIGJ5IE9NQUNTIHRvIGRpZmZlcmVudGlhdGUgbXVsdGlwbGUgY2FyZHMgb24gdGhlIHBhZ2UuIEVhY2ggSFRNTCBlbGVtZW50IHdoaWNoIGlzIHVzZWQgZm9yIGludGVyYWN0aW9uIG11c3QgY29udGFpbiB0aGlzIElELiBGdXJ0aGVybW9yZSB0aGlzIGZ1Y3Rpb24gbXVzdCBjYWxsIHRoZSBwYXJlbnQgY29uc3RydWN0b3IgKHdpdGggdGhlIHNhbWUgSUQgYXMgb25seSBwYXJhbWV0ZXIpLiBBcyBsYXN0LCB0aGUgY29uc3RydWN0b3IgbXVzdCBzYXZlIHRoZSBmb3JtYXQgb2YgdGhlIHNhdmVkIGRhdGEgb2YgdGhlIGNhcmQgaW4gdGhlIFtxdW90ZV1mb3JtYXRbXC9xdW90ZV0gbWVtYmVyIG9mIHRoZSBwYXJlbnQuIFtxdW90ZV1mb3JtYXRbXC9xdW90ZV0gaXMgYW4gYXJyYXkgb2YgW3F1b3RlXVwibmFtZVwiLCBcImRlZmF1bHRcIltcL3F1b3RlXSBwYWlycy4gVGhlIG5hbWUgc3RyaW5nIGlzIHRoZSBuYW1lIG9mIHRoZSBzYXZlZCBkYXRhIGZpZWxkLiBUaGUgZGVmYXVsdCBzdHJpbmcgaXMgdGhlIGRlZmF1bHQgc2V0dGluZ1wvY29udGVudCBmb3IgdGhpcyBkYXRhIGZpZWxkLlxuLSBbcXVvdGVdcmVuZGVyKCkgW1wvcXVvdGVdXG5UaGlzIGZ1bmN0aW9uIHJlbmRlcnMgdGhlIGNhcmQgb24gdGhlIHBhZ2UuIFRvIGFjY2VzcyB0aGUgZGF0YSBvZiB0aGUgY2FyZCBvbmUgY2FuIHVzZSB0aGUgcGFyZW50cyBbcXVvdGVdY29udGVudFtcL3F1b3RlXSBhc3NvY2lhdGl2ZSBhcnJheSB3aGVyZSB0aGUga2V5IGlzIHRoZSBuYW1lIG9mIHRoZSBkYXRhIGZpZWxkLiBLZWVwIGluIG1pbmQgdGhhdCBhbGwgZmllbGRzIHdoaWNoIHByb3ZpZGUgaW50ZXJhY3Rpb24gKHRodXMgdXNlcyB0aGUgaWQgdGFncykgbXVzdCBjb250YWluIHRoZSBwYXJlbnRzIGlkIG1lbWJlci5cbi0gW3F1b3RlXXJlbmRlcl9zZXR0aW5ncygpIFtcL3F1b3RlXVxuVGhpcyBmdW5jdGlvbiByZW5kZXJzIHRoZSBjYXJkcyBzZXR0aW5ncyBvbiB0aGUgcGFnZSBzZXR0aW5ncyBwYWdlLiBUaGUgc2F2ZWQgZGF0YSBjYW4gYmUgYWNjZXNzZWQgYnkgdGhlIHNhbWUgbWVtYmVyIGFzIHdpdGhpbiB0aGUgW3F1b3RlXXJlbmRlcigpW1wvcXVvdGVdIGZ1bmN0aW9uLiBUaGUgZGF0YSBzYXZlZCB1cG9uIGEgY2xpY2sgb24gdGhlIHNhdmUgYnV0dG9uIGlzIGFsbCB0aGUgaW5wdXQgZmllbGRzIHdpdGggdGhlIGNsYXNzIFtxdW90ZV1jYXJkX3NldHRpbmdzLTxJRD5bXC9xdW90ZV0gd2hlcmUgdGhlIFtxdW90ZV08SUQ+W1wvcXVvdGVdIGlzIGFnYWluIHRoZSBwYXJlbnRzIElEIG1lbWJlci4gVGhlIGRhdGEgZmllbGQgd2hlcmUgaXQncyBzYXZlZCBpcyBzcGVjaWZpZWQgaW4gdGhlIG5hbWUgdGFnIHdpdGggdGhlIGluZGV4IG51bWJlciBvZiB0aGUgZmllbGQgaW4gdGhlIGZvcm1hdCBhcnJheS4gQWxzbyBrZWVwIGluIG1pbmQgdGhhdCB3aGVuIGlkIHRhZ3MgYXJlIG5lZWRlZCB0byBpbmNsdWRlIHRoZSBJRCBvZiB0aGUgY2FyZCBpbiB0aGF0IHRhZyFcblxuQXQgbGFzdCwgdGhlIGNhcmQgb2JqZWN0IG11c3QgYmUgd2l0aGluIHRoZSBDQVJEUyBuYW1lc3BhY2UhXG5cbltiXUV4YW1wbGVbXC9iXVxuW3F1b3RlXW5hbWVzcGFjZSBDQVJEU3sgY2xhc3MgcmF3ZGF0YSBleHRlbmRzIGNhcmRfdjJ7XG4gICAgZnVuY3Rpb24gX19jb25zdHJ1Y3QoJF9pZCl7XG4gICAgICAgIHBhcmVudDo6X19jb25zdHJ1Y3QoJF9pZCk7XG4gICAgICAgICR0aGlzLT5mb3JtYXRbMF0gPSBhcnJheSgnbmFtZSc9PidkYXRhJywgJ2RlZmF1bHQnPT4nVGhpcyBpcyBzb21lIGRlZmF1bHQgcmF3IGRhdGEnKTtcbiAgICB9XG5cbiAgICBmdW5jdGlvbiByZW5kZXIoKXtcbiAgICAgICAgZWNobyAnPHByZT4nO1xuICAgICAgICBwcmludF9yKCR0aGlzLT5jb250ZW50WydkYXRhJ10pO1xuICAgICAgICBlY2hvICc8XC9wcmU+JztcbiAgICB9XG5cbiAgICBmdW5jdGlvbiByZW5kZXJfc2V0dGluZ3MoKXtcbiAgICAgICAgZWNobyBcIjx0ZXh0YXJlYSBuYW1lPScwJyBjbGFzcz0nY2FyZF9zZXR0aW5ncy1cIi4gJHRoaXMtPmlkIC5cIic+XCIuICR0aGlzLT5jb250ZW50WydkYXRhJ10gLlwiPFwvdGV4dGFyZWE+XCI7XG4gICAgIH1cbn19W1wvcXVvdGVdXFxcXCIKICAgICAgICAgICAgICAgICAgICBdCiAgICAgICAgICAgICAgICB9CiAgICAgICAgICAgIH0KICAgICAgICBdLAogICAgICAgICJ0YXJnZXQiOiBbCiAgICAgICAgICAgIHsKICAgICAgICAgICAgICAgICJwZXJtIjogWwogICAgICAgICAgICAgICAgICAgICJBZG1pbmlzdHJhdG9yIgogICAgICAgICAgICAgICAgXSwKICAgICAgICAgICAgICAgICJjYW5fZWRpdCI6IFsKICAgICAgICAgICAgICAgICAgICAiQWRtaW5pc3RyYXRvciIKICAgICAgICAgICAgICAgIF0KICAgICAgICAgICAgfSwKICAgICAgICAgICAgewogICAgICAgICAgICAgICAgInBlcm0iOiBbCiAgICAgICAgICAgICAgICAgICAgIlVzZXIiLAogICAgICAgICAgICAgICAgICAgICJBZG1pbmlzdHJhdG9yIgogICAgICAgICAgICAgICAgXSwKICAgICAgICAgICAgICAgICJjYW5fZWRpdCI6IFsKICAgICAgICAgICAgICAgICAgICAiVXNlciIsCiAgICAgICAgICAgICAgICAgICAgIkFkbWluaXN0cmF0b3IiCiAgICAgICAgICAgICAgICBdCiAgICAgICAgICAgIH0KICAgICAgICBdCiAgICB9LAogICAgInBlcm1pc3Npb25zIjogewogICAgICAgICJ0aXRsZSI6ICJNYW5hZ2UgcGVybWlzc2lvbnMiLAogICAgICAgICJ0eXBlIjogImRpcmVjdCIsCiAgICAgICAgInBlcm0iOiB7CiAgICAgICAgICAgICIxIjogIkFkbWluaXN0cmF0b3IiCiAgICAgICAgfSwKICAgICAgICAibG9naW4iOiB0cnVlLAogICAgICAgICJlZGl0IjogdHJ1ZSwKICAgICAgICAiY2FuX2VkaXQiOiBbCiAgICAgICAgICAgICJBZG1pbmlzdHJhdG9yIgogICAgICAgIF0sCiAgICAgICAgImNvbnRlbnQiOiAiZGlyZWN0XC9hZG1pbl9wZXJtaXNzaW9ucy5waHAiCiAgICB9LAogICAgInBlcm1pc3Npb24iOiB7CiAgICAgICAgInRpdGxlIjogIlBlcm1pc3Npb24gc2V0dGluZ3MiLAogICAgICAgICJ0eXBlIjogImRpcmVjdCIsCiAgICAgICAgInBlcm0iOiB7CiAgICAgICAgICAgICIxIjogIkFkbWluaXN0cmF0b3IiCiAgICAgICAgfSwKICAgICAgICAibG9naW4iOiB0cnVlLAogICAgICAgICJlZGl0IjogdHJ1ZSwKICAgICAgICAiY2FuX2VkaXQiOiBbCiAgICAgICAgICAgICJBZG1pbmlzdHJhdG9yIgogICAgICAgIF0sCiAgICAgICAgImNvbnRlbnQiOiAiZGlyZWN0XC9hZG1pbl9wZXJtaXNzaW9uLnBocCIKICAgIH0sCiAgICAidXNlcnMiOiB7CiAgICAgICAgInRpdGxlIjogIk1hbmFnZSB1c2VycyIsCiAgICAgICAgInR5cGUiOiAiZGlyZWN0IiwKICAgICAgICAicGVybSI6IHsKICAgICAgICAgICAgIjEiOiAiQWRtaW5pc3RyYXRvciIKICAgICAgICB9LAogICAgICAgICJsb2dpbiI6IHRydWUsCiAgICAgICAgImVkaXQiOiB0cnVlLAogICAgICAgICJjYW5fZWRpdCI6IFsKICAgICAgICAgICAgIkFkbWluaXN0cmF0b3IiCiAgICAgICAgXSwKICAgICAgICAiY29udGVudCI6ICJkaXJlY3RcL2FkbWluX3VzZXJzLnBocCIKICAgIH0sCiAgICAidXNlciI6IHsKICAgICAgICAidGl0bGUiOiAiVXNlciBzZXR0aW5ncyIsCiAgICAgICAgInR5cGUiOiAiZGlyZWN0IiwKICAgICAgICAicGVybSI6IHsKICAgICAgICAgICAgIjEiOiAiQWRtaW5pc3RyYXRvciIKICAgICAgICB9LAogICAgICAgICJsb2dpbiI6IHRydWUsCiAgICAgICAgImVkaXQiOiB0cnVlLAogICAgICAgICJjYW5fZWRpdCI6IFsKICAgICAgICAgICAgIkFkbWluaXN0cmF0b3IiCiAgICAgICAgXSwKICAgICAgICAiY29udGVudCI6ICJkaXJlY3RcL2FkbWluX3VzZXIucGhwIgogICAgfSwKICAgICJtZW51IjogewogICAgICAgICJ0aXRsZSI6ICJNZW51IHNldHRpbmdzIiwKICAgICAgICAidHlwZSI6ICJkaXJlY3QiLAogICAgICAgICJwZXJtIjogewogICAgICAgICAgICAiMSI6ICJBZG1pbmlzdHJhdG9yIgogICAgICAgIH0sCiAgICAgICAgImxvZ2luIjogdHJ1ZSwKICAgICAgICAiZWRpdCI6IHRydWUsCiAgICAgICAgImNhbl9lZGl0IjogWwogICAgICAgICAgICAiQWRtaW5pc3RyYXRvciIKICAgICAgICBdLAogICAgICAgICJjb250ZW50IjogImRpcmVjdFwvbWVudV9zZXR0aW5ncy5waHAiCiAgICB9LAogICAgIm1lbnVfc2V0dGluZyI6IHsKICAgICAgICAidGl0bGUiOiAiTWVudSBpdGVtIHNldHRpbmdzIiwKICAgICAgICAidHlwZSI6ICJkaXJlY3QiLAogICAgICAgICJwZXJtIjogewogICAgICAgICAgICAiMSI6ICJBZG1pbmlzdHJhdG9yIgogICAgICAgIH0sCiAgICAgICAgImxvZ2luIjogdHJ1ZSwKICAgICAgICAiZWRpdCI6IHRydWUsCiAgICAgICAgImNhbl9lZGl0IjogWwogICAgICAgICAgICAiQWRtaW5pc3RyYXRvciIKICAgICAgICBdLAogICAgICAgICJjb250ZW50IjogImRpcmVjdFwvbWVudV9zZXR0aW5nLnBocCIKICAgIH0sCiAgICAicGFnZXMiOiB7CiAgICAgICAgInRpdGxlIjogIlBhZ2Ugc2V0dGluZ3MiLAogICAgICAgICJ0eXBlIjogImRpcmVjdCIsCiAgICAgICAgInBlcm0iOiB7CiAgICAgICAgICAgICIxIjogIkFkbWluaXN0cmF0b3IiCiAgICAgICAgfSwKICAgICAgICAibG9naW4iOiB0cnVlLAogICAgICAgICJlZGl0IjogdHJ1ZSwKICAgICAgICAiY2FuX2VkaXQiOiBbCiAgICAgICAgICAgICJBZG1pbmlzdHJhdG9yIgogICAgICAgIF0sCiAgICAgICAgImNvbnRlbnQiOiAiZGlyZWN0XC9wYWdlX3NldHRpbmdzLnBocCIKICAgIH0sCiAgICAiNDA0IjogewogICAgICAgICJ0aXRsZSI6ICI0MDQgTm90IGZvdW5kIiwKICAgICAgICAidHlwZSI6ICJkaXJlY3QiLAogICAgICAgICJwZXJtIjogW10sCiAgICAgICAgImxvZ2luIjogdHJ1ZSwKICAgICAgICAiZWRpdCI6IHRydWUsCiAgICAgICAgImNhbl9lZGl0IjogWwogICAgICAgICAgICAiQWRtaW5pc3RyYXRvciIKICAgICAgICBdLAogICAgICAgICJjb250ZW50IjogImRpcmVjdFwvNDA0LnBocCIKICAgIH0sCiAgICAicGFnZV9zZXR0aW5nIjogewogICAgICAgICJ0aXRsZSI6ICJQYWdlIHNldHRpbmdzIiwKICAgICAgICAidHlwZSI6ICJkaXJlY3QiLAogICAgICAgICJwZXJtIjogWwogICAgICAgICAgICAiVXNlciIsCiAgICAgICAgICAgICJBZG1pbmlzdHJhdG9yIgogICAgICAgIF0sCiAgICAgICAgImxvZ2luIjogdHJ1ZSwKICAgICAgICAiZWRpdCI6IHRydWUsCiAgICAgICAgImNhbl9lZGl0IjogWwogICAgICAgICAgICAiQWRtaW5pc3RyYXRvciIKICAgICAgICBdLAogICAgICAgICJjb250ZW50IjogImRpcmVjdFwvcGFnZV9zZXR0aW5nLnBocCIKICAgIH0sCiAgICAiY2FyZHMiOiB7CiAgICAgICAgInRpdGxlIjogIkNhcmRzIiwKICAgICAgICAidHlwZSI6ICJkaXJlY3QiLAogICAgICAgICJjb250ZW50IjogImRpcmVjdFwvY2FyZHMucGhwIiwKICAgICAgICAibG9naW4iOiB0cnVlLAogICAgICAgICJlZGl0IjogdHJ1ZSwKICAgICAgICAiY2FuX2VkaXQiOiBbCiAgICAgICAgICAgICJBZG1pbmlzdHJhdG9yIgogICAgICAgIF0sCiAgICAgICAgInBlcm0iOiB7CiAgICAgICAgICAgICIxIjogIkFkbWluaXN0cmF0b3IiCiAgICAgICAgfQogICAgfSwKICAgICJsaWNlbmNlIjogewogICAgICAgICJ0aXRsZSI6ICJMaWNlbmNlIiwKICAgICAgICAidHlwZSI6ICJwYWdlIiwKICAgICAgICAiY29udGVudCI6IFsKICAgICAgICAgICAgewogICAgICAgICAgICAgICAgInRpdGxlIjogIkdOVSBHRU5FUkFMIFBVQkxJQyBMSUNFTlNFIiwKICAgICAgICAgICAgICAgICJ0eXBlIjogImNhcmQiLAogICAgICAgICAgICAgICAgInBlcm0iOiBbCiAgICAgICAgICAgICAgICAgICAgIkFkbWluaXN0cmF0b3IiCiAgICAgICAgICAgICAgICBdLAogICAgICAgICAgICAgICAgImVkaXQiOiB0cnVlLAogICAgICAgICAgICAgICAgImNhbl9lZGl0IjogWwogICAgICAgICAgICAgICAgICAgICJBZG1pbmlzdHJhdG9yIgogICAgICAgICAgICAgICAgXSwKICAgICAgICAgICAgICAgICJsb2dpbiI6IGZhbHNlLAogICAgICAgICAgICAgICAgImNvbnRlbnQiOiB7CiAgICAgICAgICAgICAgICAgICAgInR5cGUiOiAidGV4dCIsCiAgICAgICAgICAgICAgICAgICAgImRhdGEiOiBbCiAgICAgICAgICAgICAgICAgICAgICAgICJWZXJzaW9uIDMsIDI5IEp1bmUgMjAwN1xuXG5Db3B5cmlnaHQgKEMpIDIwMDcgRnJlZSBTb2Z0d2FyZSBGb3VuZGF0aW9uLCBJbmMuIDxodHRwOlwvXC9mc2Yub3JnXC8+XG5cbkV2ZXJ5b25lIGlzIHBlcm1pdHRlZCB0byBjb3B5IGFuZCBkaXN0cmlidXRlIHZlcmJhdGltIGNvcGllcyBvZiB0aGlzIGxpY2Vuc2UgZG9jdW1lbnQsIGJ1dCBjaGFuZ2luZyBpdCBpcyBub3QgYWxsb3dlZC5cblxuW2JdUHJlYW1ibGVbXC9iXVxuVGhlIEdOVSBHZW5lcmFsIFB1YmxpYyBMaWNlbnNlIGlzIGEgZnJlZSwgY29weWxlZnQgbGljZW5zZSBmb3Igc29mdHdhcmUgYW5kIG90aGVyIGtpbmRzIG9mIHdvcmtzLlxuXG5UaGUgbGljZW5zZXMgZm9yIG1vc3Qgc29mdHdhcmUgYW5kIG90aGVyIHByYWN0aWNhbCB3b3JrcyBhcmUgZGVzaWduZWQgdG8gdGFrZSBhd2F5IHlvdXIgZnJlZWRvbSB0byBzaGFyZSBhbmQgY2hhbmdlIHRoZSB3b3Jrcy4gQnkgY29udHJhc3QsIHRoZSBHTlUgR2VuZXJhbCBQdWJsaWMgTGljZW5zZSBpcyBpbnRlbmRlZCB0byBndWFyYW50ZWUgeW91ciBmcmVlZG9tIHRvIHNoYXJlIGFuZCBjaGFuZ2UgYWxsIHZlcnNpb25zIG9mIGEgcHJvZ3JhbS0tdG8gbWFrZSBzdXJlIGl0IHJlbWFpbnMgZnJlZSBzb2Z0d2FyZSBmb3IgYWxsIGl0cyB1c2Vycy4gV2UsIHRoZSBGcmVlIFNvZnR3YXJlIEZvdW5kYXRpb24sIHVzZSB0aGUgR05VIEdlbmVyYWwgUHVibGljIExpY2Vuc2UgZm9yIG1vc3Qgb2Ygb3VyIHNvZnR3YXJlOyBpdCBhcHBsaWVzIGFsc28gdG8gYW55IG90aGVyIHdvcmsgcmVsZWFzZWQgdGhpcyB3YXkgYnkgaXRzIGF1dGhvcnMuIFlvdSBjYW4gYXBwbHkgaXQgdG8geW91ciBwcm9ncmFtcywgdG9vLlxuXG5XaGVuIHdlIHNwZWFrIG9mIGZyZWUgc29mdHdhcmUsIHdlIGFyZSByZWZlcnJpbmcgdG8gZnJlZWRvbSwgbm90IHByaWNlLiBPdXIgR2VuZXJhbCBQdWJsaWMgTGljZW5zZXMgYXJlIGRlc2lnbmVkIHRvIG1ha2Ugc3VyZSB0aGF0IHlvdSBoYXZlIHRoZSBmcmVlZG9tIHRvIGRpc3RyaWJ1dGUgY29waWVzIG9mIGZyZWUgc29mdHdhcmUgKGFuZCBjaGFyZ2UgZm9yIHRoZW0gaWYgeW91IHdpc2gpLCB0aGF0IHlvdSByZWNlaXZlIHNvdXJjZSBjb2RlIG9yIGNhbiBnZXQgaXQgaWYgeW91IHdhbnQgaXQsIHRoYXQgeW91IGNhbiBjaGFuZ2UgdGhlIHNvZnR3YXJlIG9yIHVzZSBwaWVjZXMgb2YgaXQgaW4gbmV3IGZyZWUgcHJvZ3JhbXMsIGFuZCB0aGF0IHlvdSBrbm93IHlvdSBjYW4gZG8gdGhlc2UgdGhpbmdzLlxuXG5UbyBwcm90ZWN0IHlvdXIgcmlnaHRzLCB3ZSBuZWVkIHRvIHByZXZlbnQgb3RoZXJzIGZyb20gZGVueWluZyB5b3UgdGhlc2UgcmlnaHRzIG9yIGFza2luZyB5b3UgdG8gc3VycmVuZGVyIHRoZSByaWdodHMuIFRoZXJlZm9yZSwgeW91IGhhdmUgY2VydGFpbiByZXNwb25zaWJpbGl0aWVzIGlmIHlvdSBkaXN0cmlidXRlIGNvcGllcyBvZiB0aGUgc29mdHdhcmUsIG9yIGlmIHlvdSBtb2RpZnkgaXQ6IHJlc3BvbnNpYmlsaXRpZXMgdG8gcmVzcGVjdCB0aGUgZnJlZWRvbSBvZiBvdGhlcnMuXG5cbkZvciBleGFtcGxlLCBpZiB5b3UgZGlzdHJpYnV0ZSBjb3BpZXMgb2Ygc3VjaCBhIHByb2dyYW0sIHdoZXRoZXIgZ3JhdGlzIG9yIGZvciBhIGZlZSwgeW91IG11c3QgcGFzcyBvbiB0byB0aGUgcmVjaXBpZW50cyB0aGUgc2FtZSBmcmVlZG9tcyB0aGF0IHlvdSByZWNlaXZlZC4gWW91IG11c3QgbWFrZSBzdXJlIHRoYXQgdGhleSwgdG9vLCByZWNlaXZlIG9yIGNhbiBnZXQgdGhlIHNvdXJjZSBjb2RlLiBBbmQgeW91IG11c3Qgc2hvdyB0aGVtIHRoZXNlIHRlcm1zIHNvIHRoZXkga25vdyB0aGVpciByaWdodHMuXG5cbkRldmVsb3BlcnMgdGhhdCB1c2UgdGhlIEdOVSBHUEwgcHJvdGVjdCB5b3VyIHJpZ2h0cyB3aXRoIHR3byBzdGVwczogKDEpIGFzc2VydCBjb3B5cmlnaHQgb24gdGhlIHNvZnR3YXJlLCBhbmQgKDIpIG9mZmVyIHlvdSB0aGlzIExpY2Vuc2UgZ2l2aW5nIHlvdSBsZWdhbCBwZXJtaXNzaW9uIHRvIGNvcHksIGRpc3RyaWJ1dGUgYW5kXC9vciBtb2RpZnkgaXQuXG5cbkZvciB0aGUgZGV2ZWxvcGVycycgYW5kIGF1dGhvcnMnIHByb3RlY3Rpb24sIHRoZSBHUEwgY2xlYXJseSBleHBsYWlucyB0aGF0IHRoZXJlIGlzIG5vIHdhcnJhbnR5IGZvciB0aGlzIGZyZWUgc29mdHdhcmUuIEZvciBib3RoIHVzZXJzJyBhbmQgYXV0aG9ycycgc2FrZSwgdGhlIEdQTCByZXF1aXJlcyB0aGF0IG1vZGlmaWVkIHZlcnNpb25zIGJlIG1hcmtlZCBhcyBjaGFuZ2VkLCBzbyB0aGF0IHRoZWlyIHByb2JsZW1zIHdpbGwgbm90IGJlIGF0dHJpYnV0ZWQgZXJyb25lb3VzbHkgdG8gYXV0aG9ycyBvZiBwcmV2aW91cyB2ZXJzaW9ucy5cblxuU29tZSBkZXZpY2VzIGFyZSBkZXNpZ25lZCB0byBkZW55IHVzZXJzIGFjY2VzcyB0byBpbnN0YWxsIG9yIHJ1biBtb2RpZmllZCB2ZXJzaW9ucyBvZiB0aGUgc29mdHdhcmUgaW5zaWRlIHRoZW0sIGFsdGhvdWdoIHRoZSBtYW51ZmFjdHVyZXIgY2FuIGRvIHNvLiBUaGlzIGlzIGZ1bmRhbWVudGFsbHkgaW5jb21wYXRpYmxlIHdpdGggdGhlIGFpbSBvZiBwcm90ZWN0aW5nIHVzZXJzJyBmcmVlZG9tIHRvIGNoYW5nZSB0aGUgc29mdHdhcmUuIFRoZSBzeXN0ZW1hdGljIHBhdHRlcm4gb2Ygc3VjaCBhYnVzZSBvY2N1cnMgaW4gdGhlIGFyZWEgb2YgcHJvZHVjdHMgZm9yIGluZGl2aWR1YWxzIHRvIHVzZSwgd2hpY2ggaXMgcHJlY2lzZWx5IHdoZXJlIGl0IGlzIG1vc3QgdW5hY2NlcHRhYmxlLiBUaGVyZWZvcmUsIHdlIGhhdmUgZGVzaWduZWQgdGhpcyB2ZXJzaW9uIG9mIHRoZSBHUEwgdG8gcHJvaGliaXQgdGhlIHByYWN0aWNlIGZvciB0aG9zZSBwcm9kdWN0cy4gSWYgc3VjaCBwcm9ibGVtcyBhcmlzZSBzdWJzdGFudGlhbGx5IGluIG90aGVyIGRvbWFpbnMsIHdlIHN0YW5kIHJlYWR5IHRvIGV4dGVuZCB0aGlzIHByb3Zpc2lvbiB0byB0aG9zZSBkb21haW5zIGluIGZ1dHVyZSB2ZXJzaW9ucyBvZiB0aGUgR1BMLCBhcyBuZWVkZWQgdG8gcHJvdGVjdCB0aGUgZnJlZWRvbSBvZiB1c2Vycy5cblxuRmluYWxseSwgZXZlcnkgcHJvZ3JhbSBpcyB0aHJlYXRlbmVkIGNvbnN0YW50bHkgYnkgc29mdHdhcmUgcGF0ZW50cy4gU3RhdGVzIHNob3VsZCBub3QgYWxsb3cgcGF0ZW50cyB0byByZXN0cmljdCBkZXZlbG9wbWVudCBhbmQgdXNlIG9mIHNvZnR3YXJlIG9uIGdlbmVyYWwtcHVycG9zZSBjb21wdXRlcnMsIGJ1dCBpbiB0aG9zZSB0aGF0IGRvLCB3ZSB3aXNoIHRvIGF2b2lkIHRoZSBzcGVjaWFsIGRhbmdlciB0aGF0IHBhdGVudHMgYXBwbGllZCB0byBhIGZyZWUgcHJvZ3JhbSBjb3VsZCBtYWtlIGl0IGVmZmVjdGl2ZWx5IHByb3ByaWV0YXJ5LiBUbyBwcmV2ZW50IHRoaXMsIHRoZSBHUEwgYXNzdXJlcyB0aGF0IHBhdGVudHMgY2Fubm90IGJlIHVzZWQgdG8gcmVuZGVyIHRoZSBwcm9ncmFtIG5vbi1mcmVlLlxuXG5UaGUgcHJlY2lzZSB0ZXJtcyBhbmQgY29uZGl0aW9ucyBmb3IgY29weWluZywgZGlzdHJpYnV0aW9uIGFuZCBtb2RpZmljYXRpb24gZm9sbG93LlxuXG5bYl1URVJNUyBBTkQgQ09ORElUSU9OU1tcL2JdXG5bdV1baV0wLiBEZWZpbml0aW9ucy5bXC9pXVtcL3VdXG5cdTIwMWNUaGlzIExpY2Vuc2VcdTIwMWQgcmVmZXJzIHRvIHZlcnNpb24gMyBvZiB0aGUgR05VIEdlbmVyYWwgUHVibGljIExpY2Vuc2UuXG5cblx1MjAxY0NvcHlyaWdodFx1MjAxZCBhbHNvIG1lYW5zIGNvcHlyaWdodC1saWtlIGxhd3MgdGhhdCBhcHBseSB0byBvdGhlciBraW5kcyBvZiB3b3Jrcywgc3VjaCBhcyBzZW1pY29uZHVjdG9yIG1hc2tzLlxuXG5cdTIwMWNUaGUgUHJvZ3JhbVx1MjAxZCByZWZlcnMgdG8gYW55IGNvcHlyaWdodGFibGUgd29yayBsaWNlbnNlZCB1bmRlciB0aGlzIExpY2Vuc2UuIEVhY2ggbGljZW5zZWUgaXMgYWRkcmVzc2VkIGFzIFx1MjAxY3lvdVx1MjAxZC4gXHUyMDFjTGljZW5zZWVzXHUyMDFkIGFuZCBcdTIwMWNyZWNpcGllbnRzXHUyMDFkIG1heSBiZSBpbmRpdmlkdWFscyBvciBvcmdhbml6YXRpb25zLlxuXG5UbyBcdTIwMWNtb2RpZnlcdTIwMWQgYSB3b3JrIG1lYW5zIHRvIGNvcHkgZnJvbSBvciBhZGFwdCBhbGwgb3IgcGFydCBvZiB0aGUgd29yayBpbiBhIGZhc2hpb24gcmVxdWlyaW5nIGNvcHlyaWdodCBwZXJtaXNzaW9uLCBvdGhlciB0aGFuIHRoZSBtYWtpbmcgb2YgYW4gZXhhY3QgY29weS4gVGhlIHJlc3VsdGluZyB3b3JrIGlzIGNhbGxlZCBhIFx1MjAxY21vZGlmaWVkIHZlcnNpb25cdTIwMWQgb2YgdGhlIGVhcmxpZXIgd29yayBvciBhIHdvcmsgXHUyMDFjYmFzZWQgb25cdTIwMWQgdGhlIGVhcmxpZXIgd29yay5cblxuQSBcdTIwMWNjb3ZlcmVkIHdvcmtcdTIwMWQgbWVhbnMgZWl0aGVyIHRoZSB1bm1vZGlmaWVkIFByb2dyYW0gb3IgYSB3b3JrIGJhc2VkIG9uIHRoZSBQcm9ncmFtLlxuXG5UbyBcdTIwMWNwcm9wYWdhdGVcdTIwMWQgYSB3b3JrIG1lYW5zIHRvIGRvIGFueXRoaW5nIHdpdGggaXQgdGhhdCwgd2l0aG91dCBwZXJtaXNzaW9uLCB3b3VsZCBtYWtlIHlvdSBkaXJlY3RseSBvciBzZWNvbmRhcmlseSBsaWFibGUgZm9yIGluZnJpbmdlbWVudCB1bmRlciBhcHBsaWNhYmxlIGNvcHlyaWdodCBsYXcsIGV4Y2VwdCBleGVjdXRpbmcgaXQgb24gYSBjb21wdXRlciBvciBtb2RpZnlpbmcgYSBwcml2YXRlIGNvcHkuIFByb3BhZ2F0aW9uIGluY2x1ZGVzIGNvcHlpbmcsIGRpc3RyaWJ1dGlvbiAod2l0aCBvciB3aXRob3V0IG1vZGlmaWNhdGlvbiksIG1ha2luZyBhdmFpbGFibGUgdG8gdGhlIHB1YmxpYywgYW5kIGluIHNvbWUgY291bnRyaWVzIG90aGVyIGFjdGl2aXRpZXMgYXMgd2VsbC5cblxuVG8gXHUyMDFjY29udmV5XHUyMDFkIGEgd29yayBtZWFucyBhbnkga2luZCBvZiBwcm9wYWdhdGlvbiB0aGF0IGVuYWJsZXMgb3RoZXIgcGFydGllcyB0byBtYWtlIG9yIHJlY2VpdmUgY29waWVzLiBNZXJlIGludGVyYWN0aW9uIHdpdGggYSB1c2VyIHRocm91Z2ggYSBjb21wdXRlciBuZXR3b3JrLCB3aXRoIG5vIHRyYW5zZmVyIG9mIGEgY29weSwgaXMgbm90IGNvbnZleWluZy5cblxuQW4gaW50ZXJhY3RpdmUgdXNlciBpbnRlcmZhY2UgZGlzcGxheXMgXHUyMDFjQXBwcm9wcmlhdGUgTGVnYWwgTm90aWNlc1x1MjAxZCB0byB0aGUgZXh0ZW50IHRoYXQgaXQgaW5jbHVkZXMgYSBjb252ZW5pZW50IGFuZCBwcm9taW5lbnRseSB2aXNpYmxlIGZlYXR1cmUgdGhhdCAoMSkgZGlzcGxheXMgYW4gYXBwcm9wcmlhdGUgY29weXJpZ2h0IG5vdGljZSwgYW5kICgyKSB0ZWxscyB0aGUgdXNlciB0aGF0IHRoZXJlIGlzIG5vIHdhcnJhbnR5IGZvciB0aGUgd29yayAoZXhjZXB0IHRvIHRoZSBleHRlbnQgdGhhdCB3YXJyYW50aWVzIGFyZSBwcm92aWRlZCksIHRoYXQgbGljZW5zZWVzIG1heSBjb252ZXkgdGhlIHdvcmsgdW5kZXIgdGhpcyBMaWNlbnNlLCBhbmQgaG93IHRvIHZpZXcgYSBjb3B5IG9mIHRoaXMgTGljZW5zZS4gSWYgdGhlIGludGVyZmFjZSBwcmVzZW50cyBhIGxpc3Qgb2YgdXNlciBjb21tYW5kcyBvciBvcHRpb25zLCBzdWNoIGFzIGEgbWVudSwgYSBwcm9taW5lbnQgaXRlbSBpbiB0aGUgbGlzdCBtZWV0cyB0aGlzIGNyaXRlcmlvbi5cblxuW2ldW3VdMS4gU291cmNlIENvZGUuW1wvdV1bXC9pXVxuVGhlIFx1MjAxY3NvdXJjZSBjb2RlXHUyMDFkIGZvciBhIHdvcmsgbWVhbnMgdGhlIHByZWZlcnJlZCBmb3JtIG9mIHRoZSB3b3JrIGZvciBtYWtpbmcgbW9kaWZpY2F0aW9ucyB0byBpdC4gXHUyMDFjT2JqZWN0IGNvZGVcdTIwMWQgbWVhbnMgYW55IG5vbi1zb3VyY2UgZm9ybSBvZiBhIHdvcmsuXG5cbkEgXHUyMDFjU3RhbmRhcmQgSW50ZXJmYWNlXHUyMDFkIG1lYW5zIGFuIGludGVyZmFjZSB0aGF0IGVpdGhlciBpcyBhbiBvZmZpY2lhbCBzdGFuZGFyZCBkZWZpbmVkIGJ5IGEgcmVjb2duaXplZCBzdGFuZGFyZHMgYm9keSwgb3IsIGluIHRoZSBjYXNlIG9mIGludGVyZmFjZXMgc3BlY2lmaWVkIGZvciBhIHBhcnRpY3VsYXIgcHJvZ3JhbW1pbmcgbGFuZ3VhZ2UsIG9uZSB0aGF0IGlzIHdpZGVseSB1c2VkIGFtb25nIGRldmVsb3BlcnMgd29ya2luZyBpbiB0aGF0IGxhbmd1YWdlLlxuXG5UaGUgXHUyMDFjU3lzdGVtIExpYnJhcmllc1x1MjAxZCBvZiBhbiBleGVjdXRhYmxlIHdvcmsgaW5jbHVkZSBhbnl0aGluZywgb3RoZXIgdGhhbiB0aGUgd29yayBhcyBhIHdob2xlLCB0aGF0IChhKSBpcyBpbmNsdWRlZCBpbiB0aGUgbm9ybWFsIGZvcm0gb2YgcGFja2FnaW5nIGEgTWFqb3IgQ29tcG9uZW50LCBidXQgd2hpY2ggaXMgbm90IHBhcnQgb2YgdGhhdCBNYWpvciBDb21wb25lbnQsIGFuZCAoYikgc2VydmVzIG9ubHkgdG8gZW5hYmxlIHVzZSBvZiB0aGUgd29yayB3aXRoIHRoYXQgTWFqb3IgQ29tcG9uZW50LCBvciB0byBpbXBsZW1lbnQgYSBTdGFuZGFyZCBJbnRlcmZhY2UgZm9yIHdoaWNoIGFuIGltcGxlbWVudGF0aW9uIGlzIGF2YWlsYWJsZSB0byB0aGUgcHVibGljIGluIHNvdXJjZSBjb2RlIGZvcm0uIEEgXHUyMDFjTWFqb3IgQ29tcG9uZW50XHUyMDFkLCBpbiB0aGlzIGNvbnRleHQsIG1lYW5zIGEgbWFqb3IgZXNzZW50aWFsIGNvbXBvbmVudCAoa2VybmVsLCB3aW5kb3cgc3lzdGVtLCBhbmQgc28gb24pIG9mIHRoZSBzcGVjaWZpYyBvcGVyYXRpbmcgc3lzdGVtIChpZiBhbnkpIG9uIHdoaWNoIHRoZSBleGVjdXRhYmxlIHdvcmsgcnVucywgb3IgYSBjb21waWxlciB1c2VkIHRvIHByb2R1Y2UgdGhlIHdvcmssIG9yIGFuIG9iamVjdCBjb2RlIGludGVycHJldGVyIHVzZWQgdG8gcnVuIGl0LlxuXG5UaGUgXHUyMDFjQ29ycmVzcG9uZGluZyBTb3VyY2VcdTIwMWQgZm9yIGEgd29yayBpbiBvYmplY3QgY29kZSBmb3JtIG1lYW5zIGFsbCB0aGUgc291cmNlIGNvZGUgbmVlZGVkIHRvIGdlbmVyYXRlLCBpbnN0YWxsLCBhbmQgKGZvciBhbiBleGVjdXRhYmxlIHdvcmspIHJ1biB0aGUgb2JqZWN0IGNvZGUgYW5kIHRvIG1vZGlmeSB0aGUgd29yaywgaW5jbHVkaW5nIHNjcmlwdHMgdG8gY29udHJvbCB0aG9zZSBhY3Rpdml0aWVzLiBIb3dldmVyLCBpdCBkb2VzIG5vdCBpbmNsdWRlIHRoZSB3b3JrJ3MgU3lzdGVtIExpYnJhcmllcywgb3IgZ2VuZXJhbC1wdXJwb3NlIHRvb2xzIG9yIGdlbmVyYWxseSBhdmFpbGFibGUgZnJlZSBwcm9ncmFtcyB3aGljaCBhcmUgdXNlZCB1bm1vZGlmaWVkIGluIHBlcmZvcm1pbmcgdGhvc2UgYWN0aXZpdGllcyBidXQgd2hpY2ggYXJlIG5vdCBwYXJ0IG9mIHRoZSB3b3JrLiBGb3IgZXhhbXBsZSwgQ29ycmVzcG9uZGluZyBTb3VyY2UgaW5jbHVkZXMgaW50ZXJmYWNlIGRlZmluaXRpb24gZmlsZXMgYXNzb2NpYXRlZCB3aXRoIHNvdXJjZSBmaWxlcyBmb3IgdGhlIHdvcmssIGFuZCB0aGUgc291cmNlIGNvZGUgZm9yIHNoYXJlZCBsaWJyYXJpZXMgYW5kIGR5bmFtaWNhbGx5IGxpbmtlZCBzdWJwcm9ncmFtcyB0aGF0IHRoZSB3b3JrIGlzIHNwZWNpZmljYWxseSBkZXNpZ25lZCB0byByZXF1aXJlLCBzdWNoIGFzIGJ5IGludGltYXRlIGRhdGEgY29tbXVuaWNhdGlvbiBvciBjb250cm9sIGZsb3cgYmV0d2VlbiB0aG9zZSBzdWJwcm9ncmFtcyBhbmQgb3RoZXIgcGFydHMgb2YgdGhlIHdvcmsuXG5cblRoZSBDb3JyZXNwb25kaW5nIFNvdXJjZSBuZWVkIG5vdCBpbmNsdWRlIGFueXRoaW5nIHRoYXQgdXNlcnMgY2FuIHJlZ2VuZXJhdGUgYXV0b21hdGljYWxseSBmcm9tIG90aGVyIHBhcnRzIG9mIHRoZSBDb3JyZXNwb25kaW5nIFNvdXJjZS5cblxuVGhlIENvcnJlc3BvbmRpbmcgU291cmNlIGZvciBhIHdvcmsgaW4gc291cmNlIGNvZGUgZm9ybSBpcyB0aGF0IHNhbWUgd29yay5cblxuW2ldW3VdMi4gQmFzaWMgUGVybWlzc2lvbnMuW1wvdV1bXC9pXVxuQWxsIHJpZ2h0cyBncmFudGVkIHVuZGVyIHRoaXMgTGljZW5zZSBhcmUgZ3JhbnRlZCBmb3IgdGhlIHRlcm0gb2YgY29weXJpZ2h0IG9uIHRoZSBQcm9ncmFtLCBhbmQgYXJlIGlycmV2b2NhYmxlIHByb3ZpZGVkIHRoZSBzdGF0ZWQgY29uZGl0aW9ucyBhcmUgbWV0LiBUaGlzIExpY2Vuc2UgZXhwbGljaXRseSBhZmZpcm1zIHlvdXIgdW5saW1pdGVkIHBlcm1pc3Npb24gdG8gcnVuIHRoZSB1bm1vZGlmaWVkIFByb2dyYW0uIFRoZSBvdXRwdXQgZnJvbSBydW5uaW5nIGEgY292ZXJlZCB3b3JrIGlzIGNvdmVyZWQgYnkgdGhpcyBMaWNlbnNlIG9ubHkgaWYgdGhlIG91dHB1dCwgZ2l2ZW4gaXRzIGNvbnRlbnQsIGNvbnN0aXR1dGVzIGEgY292ZXJlZCB3b3JrLiBUaGlzIExpY2Vuc2UgYWNrbm93bGVkZ2VzIHlvdXIgcmlnaHRzIG9mIGZhaXIgdXNlIG9yIG90aGVyIGVxdWl2YWxlbnQsIGFzIHByb3ZpZGVkIGJ5IGNvcHlyaWdodCBsYXcuXG5cbllvdSBtYXkgbWFrZSwgcnVuIGFuZCBwcm9wYWdhdGUgY292ZXJlZCB3b3JrcyB0aGF0IHlvdSBkbyBub3QgY29udmV5LCB3aXRob3V0IGNvbmRpdGlvbnMgc28gbG9uZyBhcyB5b3VyIGxpY2Vuc2Ugb3RoZXJ3aXNlIHJlbWFpbnMgaW4gZm9yY2UuIFlvdSBtYXkgY29udmV5IGNvdmVyZWQgd29ya3MgdG8gb3RoZXJzIGZvciB0aGUgc29sZSBwdXJwb3NlIG9mIGhhdmluZyB0aGVtIG1ha2UgbW9kaWZpY2F0aW9ucyBleGNsdXNpdmVseSBmb3IgeW91LCBvciBwcm92aWRlIHlvdSB3aXRoIGZhY2lsaXRpZXMgZm9yIHJ1bm5pbmcgdGhvc2Ugd29ya3MsIHByb3ZpZGVkIHRoYXQgeW91IGNvbXBseSB3aXRoIHRoZSB0ZXJtcyBvZiB0aGlzIExpY2Vuc2UgaW4gY29udmV5aW5nIGFsbCBtYXRlcmlhbCBmb3Igd2hpY2ggeW91IGRvIG5vdCBjb250cm9sIGNvcHlyaWdodC4gVGhvc2UgdGh1cyBtYWtpbmcgb3IgcnVubmluZyB0aGUgY292ZXJlZCB3b3JrcyBmb3IgeW91IG11c3QgZG8gc28gZXhjbHVzaXZlbHkgb24geW91ciBiZWhhbGYsIHVuZGVyIHlvdXIgZGlyZWN0aW9uIGFuZCBjb250cm9sLCBvbiB0ZXJtcyB0aGF0IHByb2hpYml0IHRoZW0gZnJvbSBtYWtpbmcgYW55IGNvcGllcyBvZiB5b3VyIGNvcHlyaWdodGVkIG1hdGVyaWFsIG91dHNpZGUgdGhlaXIgcmVsYXRpb25zaGlwIHdpdGggeW91LlxuXG5Db252ZXlpbmcgdW5kZXIgYW55IG90aGVyIGNpcmN1bXN0YW5jZXMgaXMgcGVybWl0dGVkIHNvbGVseSB1bmRlciB0aGUgY29uZGl0aW9ucyBzdGF0ZWQgYmVsb3cuIFN1YmxpY2Vuc2luZyBpcyBub3QgYWxsb3dlZDsgc2VjdGlvbiAxMCBtYWtlcyBpdCB1bm5lY2Vzc2FyeS5cblxuW3VdW2ldMy4gUHJvdGVjdGluZyBVc2VycycgTGVnYWwgUmlnaHRzIEZyb20gQW50aS1DaXJjdW12ZW50aW9uIExhdy5bXC9pXVtcL3VdXG5ObyBjb3ZlcmVkIHdvcmsgc2hhbGwgYmUgZGVlbWVkIHBhcnQgb2YgYW4gZWZmZWN0aXZlIHRlY2hub2xvZ2ljYWwgbWVhc3VyZSB1bmRlciBhbnkgYXBwbGljYWJsZSBsYXcgZnVsZmlsbGluZyBvYmxpZ2F0aW9ucyB1bmRlciBhcnRpY2xlIDExIG9mIHRoZSBXSVBPIGNvcHlyaWdodCB0cmVhdHkgYWRvcHRlZCBvbiAyMCBEZWNlbWJlciAxOTk2LCBvciBzaW1pbGFyIGxhd3MgcHJvaGliaXRpbmcgb3IgcmVzdHJpY3RpbmcgY2lyY3VtdmVudGlvbiBvZiBzdWNoIG1lYXN1cmVzLlxuXG5XaGVuIHlvdSBjb252ZXkgYSBjb3ZlcmVkIHdvcmssIHlvdSB3YWl2ZSBhbnkgbGVnYWwgcG93ZXIgdG8gZm9yYmlkIGNpcmN1bXZlbnRpb24gb2YgdGVjaG5vbG9naWNhbCBtZWFzdXJlcyB0byB0aGUgZXh0ZW50IHN1Y2ggY2lyY3VtdmVudGlvbiBpcyBlZmZlY3RlZCBieSBleGVyY2lzaW5nIHJpZ2h0cyB1bmRlciB0aGlzIExpY2Vuc2Ugd2l0aCByZXNwZWN0IHRvIHRoZSBjb3ZlcmVkIHdvcmssIGFuZCB5b3UgZGlzY2xhaW0gYW55IGludGVudGlvbiB0byBsaW1pdCBvcGVyYXRpb24gb3IgbW9kaWZpY2F0aW9uIG9mIHRoZSB3b3JrIGFzIGEgbWVhbnMgb2YgZW5mb3JjaW5nLCBhZ2FpbnN0IHRoZSB3b3JrJ3MgdXNlcnMsIHlvdXIgb3IgdGhpcmQgcGFydGllcycgbGVnYWwgcmlnaHRzIHRvIGZvcmJpZCBjaXJjdW12ZW50aW9uIG9mIHRlY2hub2xvZ2ljYWwgbWVhc3VyZXMuXG5cbltpXVt1XTQuIENvbnZleWluZyBWZXJiYXRpbSBDb3BpZXMuW1wvdV1bXC9pXVxuWW91IG1heSBjb252ZXkgdmVyYmF0aW0gY29waWVzIG9mIHRoZSBQcm9ncmFtJ3Mgc291cmNlIGNvZGUgYXMgeW91IHJlY2VpdmUgaXQsIGluIGFueSBtZWRpdW0sIHByb3ZpZGVkIHRoYXQgeW91IGNvbnNwaWN1b3VzbHkgYW5kIGFwcHJvcHJpYXRlbHkgcHVibGlzaCBvbiBlYWNoIGNvcHkgYW4gYXBwcm9wcmlhdGUgY29weXJpZ2h0IG5vdGljZTsga2VlcCBpbnRhY3QgYWxsIG5vdGljZXMgc3RhdGluZyB0aGF0IHRoaXMgTGljZW5zZSBhbmQgYW55IG5vbi1wZXJtaXNzaXZlIHRlcm1zIGFkZGVkIGluIGFjY29yZCB3aXRoIHNlY3Rpb24gNyBhcHBseSB0byB0aGUgY29kZTsga2VlcCBpbnRhY3QgYWxsIG5vdGljZXMgb2YgdGhlIGFic2VuY2Ugb2YgYW55IHdhcnJhbnR5OyBhbmQgZ2l2ZSBhbGwgcmVjaXBpZW50cyBhIGNvcHkgb2YgdGhpcyBMaWNlbnNlIGFsb25nIHdpdGggdGhlIFByb2dyYW0uXG5cbllvdSBtYXkgY2hhcmdlIGFueSBwcmljZSBvciBubyBwcmljZSBmb3IgZWFjaCBjb3B5IHRoYXQgeW91IGNvbnZleSwgYW5kIHlvdSBtYXkgb2ZmZXIgc3VwcG9ydCBvciB3YXJyYW50eSBwcm90ZWN0aW9uIGZvciBhIGZlZS5cblxuW3VdW2ldNS4gQ29udmV5aW5nIE1vZGlmaWVkIFNvdXJjZSBWZXJzaW9ucy5bXC9pXVtcL3VdXG5Zb3UgbWF5IGNvbnZleSBhIHdvcmsgYmFzZWQgb24gdGhlIFByb2dyYW0sIG9yIHRoZSBtb2RpZmljYXRpb25zIHRvIHByb2R1Y2UgaXQgZnJvbSB0aGUgUHJvZ3JhbSwgaW4gdGhlIGZvcm0gb2Ygc291cmNlIGNvZGUgdW5kZXIgdGhlIHRlcm1zIG9mIHNlY3Rpb24gNCwgcHJvdmlkZWQgdGhhdCB5b3UgYWxzbyBtZWV0IGFsbCBvZiB0aGVzZSBjb25kaXRpb25zOlxuXG5hKSBUaGUgd29yayBtdXN0IGNhcnJ5IHByb21pbmVudCBub3RpY2VzIHN0YXRpbmcgdGhhdCB5b3UgbW9kaWZpZWQgaXQsIGFuZCBnaXZpbmcgYSByZWxldmFudCBkYXRlLlxuYikgVGhlIHdvcmsgbXVzdCBjYXJyeSBwcm9taW5lbnQgbm90aWNlcyBzdGF0aW5nIHRoYXQgaXQgaXMgcmVsZWFzZWQgdW5kZXIgdGhpcyBMaWNlbnNlIGFuZCBhbnkgY29uZGl0aW9ucyBhZGRlZCB1bmRlciBzZWN0aW9uIDcuIFRoaXMgcmVxdWlyZW1lbnQgbW9kaWZpZXMgdGhlIHJlcXVpcmVtZW50IGluIHNlY3Rpb24gNCB0byBcdTIwMWNrZWVwIGludGFjdCBhbGwgbm90aWNlc1x1MjAxZC5cbmMpIFlvdSBtdXN0IGxpY2Vuc2UgdGhlIGVudGlyZSB3b3JrLCBhcyBhIHdob2xlLCB1bmRlciB0aGlzIExpY2Vuc2UgdG8gYW55b25lIHdobyBjb21lcyBpbnRvIHBvc3Nlc3Npb24gb2YgYSBjb3B5LiBUaGlzIExpY2Vuc2Ugd2lsbCB0aGVyZWZvcmUgYXBwbHksIGFsb25nIHdpdGggYW55IGFwcGxpY2FibGUgc2VjdGlvbiA3IGFkZGl0aW9uYWwgdGVybXMsIHRvIHRoZSB3aG9sZSBvZiB0aGUgd29yaywgYW5kIGFsbCBpdHMgcGFydHMsIHJlZ2FyZGxlc3Mgb2YgaG93IHRoZXkgYXJlIHBhY2thZ2VkLiBUaGlzIExpY2Vuc2UgZ2l2ZXMgbm8gcGVybWlzc2lvbiB0byBsaWNlbnNlIHRoZSB3b3JrIGluIGFueSBvdGhlciB3YXksIGJ1dCBpdCBkb2VzIG5vdCBpbnZhbGlkYXRlIHN1Y2ggcGVybWlzc2lvbiBpZiB5b3UgaGF2ZSBzZXBhcmF0ZWx5IHJlY2VpdmVkIGl0LlxuZCkgSWYgdGhlIHdvcmsgaGFzIGludGVyYWN0aXZlIHVzZXIgaW50ZXJmYWNlcywgZWFjaCBtdXN0IGRpc3BsYXkgQXBwcm9wcmlhdGUgTGVnYWwgTm90aWNlczsgaG93ZXZlciwgaWYgdGhlIFByb2dyYW0gaGFzIGludGVyYWN0aXZlIGludGVyZmFjZXMgdGhhdCBkbyBub3QgZGlzcGxheSBBcHByb3ByaWF0ZSBMZWdhbCBOb3RpY2VzLCB5b3VyIHdvcmsgbmVlZCBub3QgbWFrZSB0aGVtIGRvIHNvLlxuQSBjb21waWxhdGlvbiBvZiBhIGNvdmVyZWQgd29yayB3aXRoIG90aGVyIHNlcGFyYXRlIGFuZCBpbmRlcGVuZGVudCB3b3Jrcywgd2hpY2ggYXJlIG5vdCBieSB0aGVpciBuYXR1cmUgZXh0ZW5zaW9ucyBvZiB0aGUgY292ZXJlZCB3b3JrLCBhbmQgd2hpY2ggYXJlIG5vdCBjb21iaW5lZCB3aXRoIGl0IHN1Y2ggYXMgdG8gZm9ybSBhIGxhcmdlciBwcm9ncmFtLCBpbiBvciBvbiBhIHZvbHVtZSBvZiBhIHN0b3JhZ2Ugb3IgZGlzdHJpYnV0aW9uIG1lZGl1bSwgaXMgY2FsbGVkIGFuIFx1MjAxY2FnZ3JlZ2F0ZVx1MjAxZCBpZiB0aGUgY29tcGlsYXRpb24gYW5kIGl0cyByZXN1bHRpbmcgY29weXJpZ2h0IGFyZSBub3QgdXNlZCB0byBsaW1pdCB0aGUgYWNjZXNzIG9yIGxlZ2FsIHJpZ2h0cyBvZiB0aGUgY29tcGlsYXRpb24ncyB1c2VycyBiZXlvbmQgd2hhdCB0aGUgaW5kaXZpZHVhbCB3b3JrcyBwZXJtaXQuIEluY2x1c2lvbiBvZiBhIGNvdmVyZWQgd29yayBpbiBhbiBhZ2dyZWdhdGUgZG9lcyBub3QgY2F1c2UgdGhpcyBMaWNlbnNlIHRvIGFwcGx5IHRvIHRoZSBvdGhlciBwYXJ0cyBvZiB0aGUgYWdncmVnYXRlLlxuXG5bdV1baV02LiBDb252ZXlpbmcgTm9uLVNvdXJjZSBGb3Jtcy5bXC9pXVtcL3VdXG5Zb3UgbWF5IGNvbnZleSBhIGNvdmVyZWQgd29yayBpbiBvYmplY3QgY29kZSBmb3JtIHVuZGVyIHRoZSB0ZXJtcyBvZiBzZWN0aW9ucyA0IGFuZCA1LCBwcm92aWRlZCB0aGF0IHlvdSBhbHNvIGNvbnZleSB0aGUgbWFjaGluZS1yZWFkYWJsZSBDb3JyZXNwb25kaW5nIFNvdXJjZSB1bmRlciB0aGUgdGVybXMgb2YgdGhpcyBMaWNlbnNlLCBpbiBvbmUgb2YgdGhlc2Ugd2F5czpcblxuYSkgQ29udmV5IHRoZSBvYmplY3QgY29kZSBpbiwgb3IgZW1ib2RpZWQgaW4sIGEgcGh5c2ljYWwgcHJvZHVjdCAoaW5jbHVkaW5nIGEgcGh5c2ljYWwgZGlzdHJpYnV0aW9uIG1lZGl1bSksIGFjY29tcGFuaWVkIGJ5IHRoZSBDb3JyZXNwb25kaW5nIFNvdXJjZSBmaXhlZCBvbiBhIGR1cmFibGUgcGh5c2ljYWwgbWVkaXVtIGN1c3RvbWFyaWx5IHVzZWQgZm9yIHNvZnR3YXJlIGludGVyY2hhbmdlLlxuYikgQ29udmV5IHRoZSBvYmplY3QgY29kZSBpbiwgb3IgZW1ib2RpZWQgaW4sIGEgcGh5c2ljYWwgcHJvZHVjdCAoaW5jbHVkaW5nIGEgcGh5c2ljYWwgZGlzdHJpYnV0aW9uIG1lZGl1bSksIGFjY29tcGFuaWVkIGJ5IGEgd3JpdHRlbiBvZmZlciwgdmFsaWQgZm9yIGF0IGxlYXN0IHRocmVlIHllYXJzIGFuZCB2YWxpZCBmb3IgYXMgbG9uZyBhcyB5b3Ugb2ZmZXIgc3BhcmUgcGFydHMgb3IgY3VzdG9tZXIgc3VwcG9ydCBmb3IgdGhhdCBwcm9kdWN0IG1vZGVsLCB0byBnaXZlIGFueW9uZSB3aG8gcG9zc2Vzc2VzIHRoZSBvYmplY3QgY29kZSBlaXRoZXIgKDEpIGEgY29weSBvZiB0aGUgQ29ycmVzcG9uZGluZyBTb3VyY2UgZm9yIGFsbCB0aGUgc29mdHdhcmUgaW4gdGhlIHByb2R1Y3QgdGhhdCBpcyBjb3ZlcmVkIGJ5IHRoaXMgTGljZW5zZSwgb24gYSBkdXJhYmxlIHBoeXNpY2FsIG1lZGl1bSBjdXN0b21hcmlseSB1c2VkIGZvciBzb2Z0d2FyZSBpbnRlcmNoYW5nZSwgZm9yIGEgcHJpY2Ugbm8gbW9yZSB0aGFuIHlvdXIgcmVhc29uYWJsZSBjb3N0IG9mIHBoeXNpY2FsbHkgcGVyZm9ybWluZyB0aGlzIGNvbnZleWluZyBvZiBzb3VyY2UsIG9yICgyKSBhY2Nlc3MgdG8gY29weSB0aGUgQ29ycmVzcG9uZGluZyBTb3VyY2UgZnJvbSBhIG5ldHdvcmsgc2VydmVyIGF0IG5vIGNoYXJnZS5cbmMpIENvbnZleSBpbmRpdmlkdWFsIGNvcGllcyBvZiB0aGUgb2JqZWN0IGNvZGUgd2l0aCBhIGNvcHkgb2YgdGhlIHdyaXR0ZW4gb2ZmZXIgdG8gcHJvdmlkZSB0aGUgQ29ycmVzcG9uZGluZyBTb3VyY2UuIFRoaXMgYWx0ZXJuYXRpdmUgaXMgYWxsb3dlZCBvbmx5IG9jY2FzaW9uYWxseSBhbmQgbm9uY29tbWVyY2lhbGx5LCBhbmQgb25seSBpZiB5b3UgcmVjZWl2ZWQgdGhlIG9iamVjdCBjb2RlIHdpdGggc3VjaCBhbiBvZmZlciwgaW4gYWNjb3JkIHdpdGggc3Vic2VjdGlvbiA2Yi5cbmQpIENvbnZleSB0aGUgb2JqZWN0IGNvZGUgYnkgb2ZmZXJpbmcgYWNjZXNzIGZyb20gYSBkZXNpZ25hdGVkIHBsYWNlIChncmF0aXMgb3IgZm9yIGEgY2hhcmdlKSwgYW5kIG9mZmVyIGVxdWl2YWxlbnQgYWNjZXNzIHRvIHRoZSBDb3JyZXNwb25kaW5nIFNvdXJjZSBpbiB0aGUgc2FtZSB3YXkgdGhyb3VnaCB0aGUgc2FtZSBwbGFjZSBhdCBubyBmdXJ0aGVyIGNoYXJnZS4gWW91IG5lZWQgbm90IHJlcXVpcmUgcmVjaXBpZW50cyB0byBjb3B5IHRoZSBDb3JyZXNwb25kaW5nIFNvdXJjZSBhbG9uZyB3aXRoIHRoZSBvYmplY3QgY29kZS4gSWYgdGhlIHBsYWNlIHRvIGNvcHkgdGhlIG9iamVjdCBjb2RlIGlzIGEgbmV0d29yayBzZXJ2ZXIsIHRoZSBDb3JyZXNwb25kaW5nIFNvdXJjZSBtYXkgYmUgb24gYSBkaWZmZXJlbnQgc2VydmVyIChvcGVyYXRlZCBieSB5b3Ugb3IgYSB0aGlyZCBwYXJ0eSkgdGhhdCBzdXBwb3J0cyBlcXVpdmFsZW50IGNvcHlpbmcgZmFjaWxpdGllcywgcHJvdmlkZWQgeW91IG1haW50YWluIGNsZWFyIGRpcmVjdGlvbnMgbmV4dCB0byB0aGUgb2JqZWN0IGNvZGUgc2F5aW5nIHdoZXJlIHRvIGZpbmQgdGhlIENvcnJlc3BvbmRpbmcgU291cmNlLiBSZWdhcmRsZXNzIG9mIHdoYXQgc2VydmVyIGhvc3RzIHRoZSBDb3JyZXNwb25kaW5nIFNvdXJjZSwgeW91IHJlbWFpbiBvYmxpZ2F0ZWQgdG8gZW5zdXJlIHRoYXQgaXQgaXMgYXZhaWxhYmxlIGZvciBhcyBsb25nIGFzIG5lZWRlZCB0byBzYXRpc2Z5IHRoZXNlIHJlcXVpcmVtZW50cy5cbmUpIENvbnZleSB0aGUgb2JqZWN0IGNvZGUgdXNpbmcgcGVlci10by1wZWVyIHRyYW5zbWlzc2lvbiwgcHJvdmlkZWQgeW91IGluZm9ybSBvdGhlciBwZWVycyB3aGVyZSB0aGUgb2JqZWN0IGNvZGUgYW5kIENvcnJlc3BvbmRpbmcgU291cmNlIG9mIHRoZSB3b3JrIGFyZSBiZWluZyBvZmZlcmVkIHRvIHRoZSBnZW5lcmFsIHB1YmxpYyBhdCBubyBjaGFyZ2UgdW5kZXIgc3Vic2VjdGlvbiA2ZC5cbkEgc2VwYXJhYmxlIHBvcnRpb24gb2YgdGhlIG9iamVjdCBjb2RlLCB3aG9zZSBzb3VyY2UgY29kZSBpcyBleGNsdWRlZCBmcm9tIHRoZSBDb3JyZXNwb25kaW5nIFNvdXJjZSBhcyBhIFN5c3RlbSBMaWJyYXJ5LCBuZWVkIG5vdCBiZSBpbmNsdWRlZCBpbiBjb252ZXlpbmcgdGhlIG9iamVjdCBjb2RlIHdvcmsuXG5cbkEgXHUyMDFjVXNlciBQcm9kdWN0XHUyMDFkIGlzIGVpdGhlciAoMSkgYSBcdTIwMWNjb25zdW1lciBwcm9kdWN0XHUyMDFkLCB3aGljaCBtZWFucyBhbnkgdGFuZ2libGUgcGVyc29uYWwgcHJvcGVydHkgd2hpY2ggaXMgbm9ybWFsbHkgdXNlZCBmb3IgcGVyc29uYWwsIGZhbWlseSwgb3IgaG91c2Vob2xkIHB1cnBvc2VzLCBvciAoMikgYW55dGhpbmcgZGVzaWduZWQgb3Igc29sZCBmb3IgaW5jb3Jwb3JhdGlvbiBpbnRvIGEgZHdlbGxpbmcuIEluIGRldGVybWluaW5nIHdoZXRoZXIgYSBwcm9kdWN0IGlzIGEgY29uc3VtZXIgcHJvZHVjdCwgZG91YnRmdWwgY2FzZXMgc2hhbGwgYmUgcmVzb2x2ZWQgaW4gZmF2b3Igb2YgY292ZXJhZ2UuIEZvciBhIHBhcnRpY3VsYXIgcHJvZHVjdCByZWNlaXZlZCBieSBhIHBhcnRpY3VsYXIgdXNlciwgXHUyMDFjbm9ybWFsbHkgdXNlZFx1MjAxZCByZWZlcnMgdG8gYSB0eXBpY2FsIG9yIGNvbW1vbiB1c2Ugb2YgdGhhdCBjbGFzcyBvZiBwcm9kdWN0LCByZWdhcmRsZXNzIG9mIHRoZSBzdGF0dXMgb2YgdGhlIHBhcnRpY3VsYXIgdXNlciBvciBvZiB0aGUgd2F5IGluIHdoaWNoIHRoZSBwYXJ0aWN1bGFyIHVzZXIgYWN0dWFsbHkgdXNlcywgb3IgZXhwZWN0cyBvciBpcyBleHBlY3RlZCB0byB1c2UsIHRoZSBwcm9kdWN0LiBBIHByb2R1Y3QgaXMgYSBjb25zdW1lciBwcm9kdWN0IHJlZ2FyZGxlc3Mgb2Ygd2hldGhlciB0aGUgcHJvZHVjdCBoYXMgc3Vic3RhbnRpYWwgY29tbWVyY2lhbCwgaW5kdXN0cmlhbCBvciBub24tY29uc3VtZXIgdXNlcywgdW5sZXNzIHN1Y2ggdXNlcyByZXByZXNlbnQgdGhlIG9ubHkgc2lnbmlmaWNhbnQgbW9kZSBvZiB1c2Ugb2YgdGhlIHByb2R1Y3QuXG5cblx1MjAxY0luc3RhbGxhdGlvbiBJbmZvcm1hdGlvblx1MjAxZCBmb3IgYSBVc2VyIFByb2R1Y3QgbWVhbnMgYW55IG1ldGhvZHMsIHByb2NlZHVyZXMsIGF1dGhvcml6YXRpb24ga2V5cywgb3Igb3RoZXIgaW5mb3JtYXRpb24gcmVxdWlyZWQgdG8gaW5zdGFsbCBhbmQgZXhlY3V0ZSBtb2RpZmllZCB2ZXJzaW9ucyBvZiBhIGNvdmVyZWQgd29yayBpbiB0aGF0IFVzZXIgUHJvZHVjdCBmcm9tIGEgbW9kaWZpZWQgdmVyc2lvbiBvZiBpdHMgQ29ycmVzcG9uZGluZyBTb3VyY2UuIFRoZSBpbmZvcm1hdGlvbiBtdXN0IHN1ZmZpY2UgdG8gZW5zdXJlIHRoYXQgdGhlIGNvbnRpbnVlZCBmdW5jdGlvbmluZyBvZiB0aGUgbW9kaWZpZWQgb2JqZWN0IGNvZGUgaXMgaW4gbm8gY2FzZSBwcmV2ZW50ZWQgb3IgaW50ZXJmZXJlZCB3aXRoIHNvbGVseSBiZWNhdXNlIG1vZGlmaWNhdGlvbiBoYXMgYmVlbiBtYWRlLlxuXG5JZiB5b3UgY29udmV5IGFuIG9iamVjdCBjb2RlIHdvcmsgdW5kZXIgdGhpcyBzZWN0aW9uIGluLCBvciB3aXRoLCBvciBzcGVjaWZpY2FsbHkgZm9yIHVzZSBpbiwgYSBVc2VyIFByb2R1Y3QsIGFuZCB0aGUgY29udmV5aW5nIG9jY3VycyBhcyBwYXJ0IG9mIGEgdHJhbnNhY3Rpb24gaW4gd2hpY2ggdGhlIHJpZ2h0IG9mIHBvc3Nlc3Npb24gYW5kIHVzZSBvZiB0aGUgVXNlciBQcm9kdWN0IGlzIHRyYW5zZmVycmVkIHRvIHRoZSByZWNpcGllbnQgaW4gcGVycGV0dWl0eSBvciBmb3IgYSBmaXhlZCB0ZXJtIChyZWdhcmRsZXNzIG9mIGhvdyB0aGUgdHJhbnNhY3Rpb24gaXMgY2hhcmFjdGVyaXplZCksIHRoZSBDb3JyZXNwb25kaW5nIFNvdXJjZSBjb252ZXllZCB1bmRlciB0aGlzIHNlY3Rpb24gbXVzdCBiZSBhY2NvbXBhbmllZCBieSB0aGUgSW5zdGFsbGF0aW9uIEluZm9ybWF0aW9uLiBCdXQgdGhpcyByZXF1aXJlbWVudCBkb2VzIG5vdCBhcHBseSBpZiBuZWl0aGVyIHlvdSBub3IgYW55IHRoaXJkIHBhcnR5IHJldGFpbnMgdGhlIGFiaWxpdHkgdG8gaW5zdGFsbCBtb2RpZmllZCBvYmplY3QgY29kZSBvbiB0aGUgVXNlciBQcm9kdWN0IChmb3IgZXhhbXBsZSwgdGhlIHdvcmsgaGFzIGJlZW4gaW5zdGFsbGVkIGluIFJPTSkuXG5cblRoZSByZXF1aXJlbWVudCB0byBwcm92aWRlIEluc3RhbGxhdGlvbiBJbmZvcm1hdGlvbiBkb2VzIG5vdCBpbmNsdWRlIGEgcmVxdWlyZW1lbnQgdG8gY29udGludWUgdG8gcHJvdmlkZSBzdXBwb3J0IHNlcnZpY2UsIHdhcnJhbnR5LCBvciB1cGRhdGVzIGZvciBhIHdvcmsgdGhhdCBoYXMgYmVlbiBtb2RpZmllZCBvciBpbnN0YWxsZWQgYnkgdGhlIHJlY2lwaWVudCwgb3IgZm9yIHRoZSBVc2VyIFByb2R1Y3QgaW4gd2hpY2ggaXQgaGFzIGJlZW4gbW9kaWZpZWQgb3IgaW5zdGFsbGVkLiBBY2Nlc3MgdG8gYSBuZXR3b3JrIG1heSBiZSBkZW5pZWQgd2hlbiB0aGUgbW9kaWZpY2F0aW9uIGl0c2VsZiBtYXRlcmlhbGx5IGFuZCBhZHZlcnNlbHkgYWZmZWN0cyB0aGUgb3BlcmF0aW9uIG9mIHRoZSBuZXR3b3JrIG9yIHZpb2xhdGVzIHRoZSBydWxlcyBhbmQgcHJvdG9jb2xzIGZvciBjb21tdW5pY2F0aW9uIGFjcm9zcyB0aGUgbmV0d29yay5cblxuQ29ycmVzcG9uZGluZyBTb3VyY2UgY29udmV5ZWQsIGFuZCBJbnN0YWxsYXRpb24gSW5mb3JtYXRpb24gcHJvdmlkZWQsIGluIGFjY29yZCB3aXRoIHRoaXMgc2VjdGlvbiBtdXN0IGJlIGluIGEgZm9ybWF0IHRoYXQgaXMgcHVibGljbHkgZG9jdW1lbnRlZCAoYW5kIHdpdGggYW4gaW1wbGVtZW50YXRpb24gYXZhaWxhYmxlIHRvIHRoZSBwdWJsaWMgaW4gc291cmNlIGNvZGUgZm9ybSksIGFuZCBtdXN0IHJlcXVpcmUgbm8gc3BlY2lhbCBwYXNzd29yZCBvciBrZXkgZm9yIHVucGFja2luZywgcmVhZGluZyBvciBjb3B5aW5nLlxuXG5bdV1baV03LiBBZGRpdGlvbmFsIFRlcm1zLltcL2ldW1wvdV1cblx1MjAxY0FkZGl0aW9uYWwgcGVybWlzc2lvbnNcdTIwMWQgYXJlIHRlcm1zIHRoYXQgc3VwcGxlbWVudCB0aGUgdGVybXMgb2YgdGhpcyBMaWNlbnNlIGJ5IG1ha2luZyBleGNlcHRpb25zIGZyb20gb25lIG9yIG1vcmUgb2YgaXRzIGNvbmRpdGlvbnMuIEFkZGl0aW9uYWwgcGVybWlzc2lvbnMgdGhhdCBhcmUgYXBwbGljYWJsZSB0byB0aGUgZW50aXJlIFByb2dyYW0gc2hhbGwgYmUgdHJlYXRlZCBhcyB0aG91Z2ggdGhleSB3ZXJlIGluY2x1ZGVkIGluIHRoaXMgTGljZW5zZSwgdG8gdGhlIGV4dGVudCB0aGF0IHRoZXkgYXJlIHZhbGlkIHVuZGVyIGFwcGxpY2FibGUgbGF3LiBJZiBhZGRpdGlvbmFsIHBlcm1pc3Npb25zIGFwcGx5IG9ubHkgdG8gcGFydCBvZiB0aGUgUHJvZ3JhbSwgdGhhdCBwYXJ0IG1heSBiZSB1c2VkIHNlcGFyYXRlbHkgdW5kZXIgdGhvc2UgcGVybWlzc2lvbnMsIGJ1dCB0aGUgZW50aXJlIFByb2dyYW0gcmVtYWlucyBnb3Zlcm5lZCBieSB0aGlzIExpY2Vuc2Ugd2l0aG91dCByZWdhcmQgdG8gdGhlIGFkZGl0aW9uYWwgcGVybWlzc2lvbnMuXG5cbldoZW4geW91IGNvbnZleSBhIGNvcHkgb2YgYSBjb3ZlcmVkIHdvcmssIHlvdSBtYXkgYXQgeW91ciBvcHRpb24gcmVtb3ZlIGFueSBhZGRpdGlvbmFsIHBlcm1pc3Npb25zIGZyb20gdGhhdCBjb3B5LCBvciBmcm9tIGFueSBwYXJ0IG9mIGl0LiAoQWRkaXRpb25hbCBwZXJtaXNzaW9ucyBtYXkgYmUgd3JpdHRlbiB0byByZXF1aXJlIHRoZWlyIG93biByZW1vdmFsIGluIGNlcnRhaW4gY2FzZXMgd2hlbiB5b3UgbW9kaWZ5IHRoZSB3b3JrLikgWW91IG1heSBwbGFjZSBhZGRpdGlvbmFsIHBlcm1pc3Npb25zIG9uIG1hdGVyaWFsLCBhZGRlZCBieSB5b3UgdG8gYSBjb3ZlcmVkIHdvcmssIGZvciB3aGljaCB5b3UgaGF2ZSBvciBjYW4gZ2l2ZSBhcHByb3ByaWF0ZSBjb3B5cmlnaHQgcGVybWlzc2lvbi5cblxuTm90d2l0aHN0YW5kaW5nIGFueSBvdGhlciBwcm92aXNpb24gb2YgdGhpcyBMaWNlbnNlLCBmb3IgbWF0ZXJpYWwgeW91IGFkZCB0byBhIGNvdmVyZWQgd29yaywgeW91IG1heSAoaWYgYXV0aG9yaXplZCBieSB0aGUgY29weXJpZ2h0IGhvbGRlcnMgb2YgdGhhdCBtYXRlcmlhbCkgc3VwcGxlbWVudCB0aGUgdGVybXMgb2YgdGhpcyBMaWNlbnNlIHdpdGggdGVybXM6XG5cbmEpIERpc2NsYWltaW5nIHdhcnJhbnR5IG9yIGxpbWl0aW5nIGxpYWJpbGl0eSBkaWZmZXJlbnRseSBmcm9tIHRoZSB0ZXJtcyBvZiBzZWN0aW9ucyAxNSBhbmQgMTYgb2YgdGhpcyBMaWNlbnNlOyBvclxuYikgUmVxdWlyaW5nIHByZXNlcnZhdGlvbiBvZiBzcGVjaWZpZWQgcmVhc29uYWJsZSBsZWdhbCBub3RpY2VzIG9yIGF1dGhvciBhdHRyaWJ1dGlvbnMgaW4gdGhhdCBtYXRlcmlhbCBvciBpbiB0aGUgQXBwcm9wcmlhdGUgTGVnYWwgTm90aWNlcyBkaXNwbGF5ZWQgYnkgd29ya3MgY29udGFpbmluZyBpdDsgb3JcbmMpIFByb2hpYml0aW5nIG1pc3JlcHJlc2VudGF0aW9uIG9mIHRoZSBvcmlnaW4gb2YgdGhhdCBtYXRlcmlhbCwgb3IgcmVxdWlyaW5nIHRoYXQgbW9kaWZpZWQgdmVyc2lvbnMgb2Ygc3VjaCBtYXRlcmlhbCBiZSBtYXJrZWQgaW4gcmVhc29uYWJsZSB3YXlzIGFzIGRpZmZlcmVudCBmcm9tIHRoZSBvcmlnaW5hbCB2ZXJzaW9uOyBvclxuZCkgTGltaXRpbmcgdGhlIHVzZSBmb3IgcHVibGljaXR5IHB1cnBvc2VzIG9mIG5hbWVzIG9mIGxpY2Vuc29ycyBvciBhdXRob3JzIG9mIHRoZSBtYXRlcmlhbDsgb3JcbmUpIERlY2xpbmluZyB0byBncmFudCByaWdodHMgdW5kZXIgdHJhZGVtYXJrIGxhdyBmb3IgdXNlIG9mIHNvbWUgdHJhZGUgbmFtZXMsIHRyYWRlbWFya3MsIG9yIHNlcnZpY2UgbWFya3M7IG9yXG5mKSBSZXF1aXJpbmcgaW5kZW1uaWZpY2F0aW9uIG9mIGxpY2Vuc29ycyBhbmQgYXV0aG9ycyBvZiB0aGF0IG1hdGVyaWFsIGJ5IGFueW9uZSB3aG8gY29udmV5cyB0aGUgbWF0ZXJpYWwgKG9yIG1vZGlmaWVkIHZlcnNpb25zIG9mIGl0KSB3aXRoIGNvbnRyYWN0dWFsIGFzc3VtcHRpb25zIG9mIGxpYWJpbGl0eSB0byB0aGUgcmVjaXBpZW50LCBmb3IgYW55IGxpYWJpbGl0eSB0aGF0IHRoZXNlIGNvbnRyYWN0dWFsIGFzc3VtcHRpb25zIGRpcmVjdGx5IGltcG9zZSBvbiB0aG9zZSBsaWNlbnNvcnMgYW5kIGF1dGhvcnMuXG5BbGwgb3RoZXIgbm9uLXBlcm1pc3NpdmUgYWRkaXRpb25hbCB0ZXJtcyBhcmUgY29uc2lkZXJlZCBcdTIwMWNmdXJ0aGVyIHJlc3RyaWN0aW9uc1x1MjAxZCB3aXRoaW4gdGhlIG1lYW5pbmcgb2Ygc2VjdGlvbiAxMC4gSWYgdGhlIFByb2dyYW0gYXMgeW91IHJlY2VpdmVkIGl0LCBvciBhbnkgcGFydCBvZiBpdCwgY29udGFpbnMgYSBub3RpY2Ugc3RhdGluZyB0aGF0IGl0IGlzIGdvdmVybmVkIGJ5IHRoaXMgTGljZW5zZSBhbG9uZyB3aXRoIGEgdGVybSB0aGF0IGlzIGEgZnVydGhlciByZXN0cmljdGlvbiwgeW91IG1heSByZW1vdmUgdGhhdCB0ZXJtLiBJZiBhIGxpY2Vuc2UgZG9jdW1lbnQgY29udGFpbnMgYSBmdXJ0aGVyIHJlc3RyaWN0aW9uIGJ1dCBwZXJtaXRzIHJlbGljZW5zaW5nIG9yIGNvbnZleWluZyB1bmRlciB0aGlzIExpY2Vuc2UsIHlvdSBtYXkgYWRkIHRvIGEgY292ZXJlZCB3b3JrIG1hdGVyaWFsIGdvdmVybmVkIGJ5IHRoZSB0ZXJtcyBvZiB0aGF0IGxpY2Vuc2UgZG9jdW1lbnQsIHByb3ZpZGVkIHRoYXQgdGhlIGZ1cnRoZXIgcmVzdHJpY3Rpb24gZG9lcyBub3Qgc3Vydml2ZSBzdWNoIHJlbGljZW5zaW5nIG9yIGNvbnZleWluZy5cblxuSWYgeW91IGFkZCB0ZXJtcyB0byBhIGNvdmVyZWQgd29yayBpbiBhY2NvcmQgd2l0aCB0aGlzIHNlY3Rpb24sIHlvdSBtdXN0IHBsYWNlLCBpbiB0aGUgcmVsZXZhbnQgc291cmNlIGZpbGVzLCBhIHN0YXRlbWVudCBvZiB0aGUgYWRkaXRpb25hbCB0ZXJtcyB0aGF0IGFwcGx5IHRvIHRob3NlIGZpbGVzLCBvciBhIG5vdGljZSBpbmRpY2F0aW5nIHdoZXJlIHRvIGZpbmQgdGhlIGFwcGxpY2FibGUgdGVybXMuXG5cbkFkZGl0aW9uYWwgdGVybXMsIHBlcm1pc3NpdmUgb3Igbm9uLXBlcm1pc3NpdmUsIG1heSBiZSBzdGF0ZWQgaW4gdGhlIGZvcm0gb2YgYSBzZXBhcmF0ZWx5IHdyaXR0ZW4gbGljZW5zZSwgb3Igc3RhdGVkIGFzIGV4Y2VwdGlvbnM7IHRoZSBhYm92ZSByZXF1aXJlbWVudHMgYXBwbHkgZWl0aGVyIHdheS5cblxuW3VdW2ldOC4gVGVybWluYXRpb24uW1wvaV1bXC91XVxuWW91IG1heSBub3QgcHJvcGFnYXRlIG9yIG1vZGlmeSBhIGNvdmVyZWQgd29yayBleGNlcHQgYXMgZXhwcmVzc2x5IHByb3ZpZGVkIHVuZGVyIHRoaXMgTGljZW5zZS4gQW55IGF0dGVtcHQgb3RoZXJ3aXNlIHRvIHByb3BhZ2F0ZSBvciBtb2RpZnkgaXQgaXMgdm9pZCwgYW5kIHdpbGwgYXV0b21hdGljYWxseSB0ZXJtaW5hdGUgeW91ciByaWdodHMgdW5kZXIgdGhpcyBMaWNlbnNlIChpbmNsdWRpbmcgYW55IHBhdGVudCBsaWNlbnNlcyBncmFudGVkIHVuZGVyIHRoZSB0aGlyZCBwYXJhZ3JhcGggb2Ygc2VjdGlvbiAxMSkuXG5cbkhvd2V2ZXIsIGlmIHlvdSBjZWFzZSBhbGwgdmlvbGF0aW9uIG9mIHRoaXMgTGljZW5zZSwgdGhlbiB5b3VyIGxpY2Vuc2UgZnJvbSBhIHBhcnRpY3VsYXIgY29weXJpZ2h0IGhvbGRlciBpcyByZWluc3RhdGVkIChhKSBwcm92aXNpb25hbGx5LCB1bmxlc3MgYW5kIHVudGlsIHRoZSBjb3B5cmlnaHQgaG9sZGVyIGV4cGxpY2l0bHkgYW5kIGZpbmFsbHkgdGVybWluYXRlcyB5b3VyIGxpY2Vuc2UsIGFuZCAoYikgcGVybWFuZW50bHksIGlmIHRoZSBjb3B5cmlnaHQgaG9sZGVyIGZhaWxzIHRvIG5vdGlmeSB5b3Ugb2YgdGhlIHZpb2xhdGlvbiBieSBzb21lIHJlYXNvbmFibGUgbWVhbnMgcHJpb3IgdG8gNjAgZGF5cyBhZnRlciB0aGUgY2Vzc2F0aW9uLlxuXG5Nb3Jlb3ZlciwgeW91ciBsaWNlbnNlIGZyb20gYSBwYXJ0aWN1bGFyIGNvcHlyaWdodCBob2xkZXIgaXMgcmVpbnN0YXRlZCBwZXJtYW5lbnRseSBpZiB0aGUgY29weXJpZ2h0IGhvbGRlciBub3RpZmllcyB5b3Ugb2YgdGhlIHZpb2xhdGlvbiBieSBzb21lIHJlYXNvbmFibGUgbWVhbnMsIHRoaXMgaXMgdGhlIGZpcnN0IHRpbWUgeW91IGhhdmUgcmVjZWl2ZWQgbm90aWNlIG9mIHZpb2xhdGlvbiBvZiB0aGlzIExpY2Vuc2UgKGZvciBhbnkgd29yaykgZnJvbSB0aGF0IGNvcHlyaWdodCBob2xkZXIsIGFuZCB5b3UgY3VyZSB0aGUgdmlvbGF0aW9uIHByaW9yIHRvIDMwIGRheXMgYWZ0ZXIgeW91ciByZWNlaXB0IG9mIHRoZSBub3RpY2UuXG5cblRlcm1pbmF0aW9uIG9mIHlvdXIgcmlnaHRzIHVuZGVyIHRoaXMgc2VjdGlvbiBkb2VzIG5vdCB0ZXJtaW5hdGUgdGhlIGxpY2Vuc2VzIG9mIHBhcnRpZXMgd2hvIGhhdmUgcmVjZWl2ZWQgY29waWVzIG9yIHJpZ2h0cyBmcm9tIHlvdSB1bmRlciB0aGlzIExpY2Vuc2UuIElmIHlvdXIgcmlnaHRzIGhhdmUgYmVlbiB0ZXJtaW5hdGVkIGFuZCBub3QgcGVybWFuZW50bHkgcmVpbnN0YXRlZCwgeW91IGRvIG5vdCBxdWFsaWZ5IHRvIHJlY2VpdmUgbmV3IGxpY2Vuc2VzIGZvciB0aGUgc2FtZSBtYXRlcmlhbCB1bmRlciBzZWN0aW9uIDEwLlxuXG5baV1bdV05LiBBY2NlcHRhbmNlIE5vdCBSZXF1aXJlZCBmb3IgSGF2aW5nIENvcGllcy5bXC91XVtcL2ldXG5Zb3UgYXJlIG5vdCByZXF1aXJlZCB0byBhY2NlcHQgdGhpcyBMaWNlbnNlIGluIG9yZGVyIHRvIHJlY2VpdmUgb3IgcnVuIGEgY29weSBvZiB0aGUgUHJvZ3JhbS4gQW5jaWxsYXJ5IHByb3BhZ2F0aW9uIG9mIGEgY292ZXJlZCB3b3JrIG9jY3VycmluZyBzb2xlbHkgYXMgYSBjb25zZXF1ZW5jZSBvZiB1c2luZyBwZWVyLXRvLXBlZXIgdHJhbnNtaXNzaW9uIHRvIHJlY2VpdmUgYSBjb3B5IGxpa2V3aXNlIGRvZXMgbm90IHJlcXVpcmUgYWNjZXB0YW5jZS4gSG93ZXZlciwgbm90aGluZyBvdGhlciB0aGFuIHRoaXMgTGljZW5zZSBncmFudHMgeW91IHBlcm1pc3Npb24gdG8gcHJvcGFnYXRlIG9yIG1vZGlmeSBhbnkgY292ZXJlZCB3b3JrLiBUaGVzZSBhY3Rpb25zIGluZnJpbmdlIGNvcHlyaWdodCBpZiB5b3UgZG8gbm90IGFjY2VwdCB0aGlzIExpY2Vuc2UuIFRoZXJlZm9yZSwgYnkgbW9kaWZ5aW5nIG9yIHByb3BhZ2F0aW5nIGEgY292ZXJlZCB3b3JrLCB5b3UgaW5kaWNhdGUgeW91ciBhY2NlcHRhbmNlIG9mIHRoaXMgTGljZW5zZSB0byBkbyBzby5cblxuW3VdW2ldMTAuIEF1dG9tYXRpYyBMaWNlbnNpbmcgb2YgRG93bnN0cmVhbSBSZWNpcGllbnRzLltcL2ldW1wvdV1cbkVhY2ggdGltZSB5b3UgY29udmV5IGEgY292ZXJlZCB3b3JrLCB0aGUgcmVjaXBpZW50IGF1dG9tYXRpY2FsbHkgcmVjZWl2ZXMgYSBsaWNlbnNlIGZyb20gdGhlIG9yaWdpbmFsIGxpY2Vuc29ycywgdG8gcnVuLCBtb2RpZnkgYW5kIHByb3BhZ2F0ZSB0aGF0IHdvcmssIHN1YmplY3QgdG8gdGhpcyBMaWNlbnNlLiBZb3UgYXJlIG5vdCByZXNwb25zaWJsZSBmb3IgZW5mb3JjaW5nIGNvbXBsaWFuY2UgYnkgdGhpcmQgcGFydGllcyB3aXRoIHRoaXMgTGljZW5zZS5cblxuQW4gXHUyMDFjZW50aXR5IHRyYW5zYWN0aW9uXHUyMDFkIGlzIGEgdHJhbnNhY3Rpb24gdHJhbnNmZXJyaW5nIGNvbnRyb2wgb2YgYW4gb3JnYW5pemF0aW9uLCBvciBzdWJzdGFudGlhbGx5IGFsbCBhc3NldHMgb2Ygb25lLCBvciBzdWJkaXZpZGluZyBhbiBvcmdhbml6YXRpb24sIG9yIG1lcmdpbmcgb3JnYW5pemF0aW9ucy4gSWYgcHJvcGFnYXRpb24gb2YgYSBjb3ZlcmVkIHdvcmsgcmVzdWx0cyBmcm9tIGFuIGVudGl0eSB0cmFuc2FjdGlvbiwgZWFjaCBwYXJ0eSB0byB0aGF0IHRyYW5zYWN0aW9uIHdobyByZWNlaXZlcyBhIGNvcHkgb2YgdGhlIHdvcmsgYWxzbyByZWNlaXZlcyB3aGF0ZXZlciBsaWNlbnNlcyB0byB0aGUgd29yayB0aGUgcGFydHkncyBwcmVkZWNlc3NvciBpbiBpbnRlcmVzdCBoYWQgb3IgY291bGQgZ2l2ZSB1bmRlciB0aGUgcHJldmlvdXMgcGFyYWdyYXBoLCBwbHVzIGEgcmlnaHQgdG8gcG9zc2Vzc2lvbiBvZiB0aGUgQ29ycmVzcG9uZGluZyBTb3VyY2Ugb2YgdGhlIHdvcmsgZnJvbSB0aGUgcHJlZGVjZXNzb3IgaW4gaW50ZXJlc3QsIGlmIHRoZSBwcmVkZWNlc3NvciBoYXMgaXQgb3IgY2FuIGdldCBpdCB3aXRoIHJlYXNvbmFibGUgZWZmb3J0cy5cblxuWW91IG1heSBub3QgaW1wb3NlIGFueSBmdXJ0aGVyIHJlc3RyaWN0aW9ucyBvbiB0aGUgZXhlcmNpc2Ugb2YgdGhlIHJpZ2h0cyBncmFudGVkIG9yIGFmZmlybWVkIHVuZGVyIHRoaXMgTGljZW5zZS4gRm9yIGV4YW1wbGUsIHlvdSBtYXkgbm90IGltcG9zZSBhIGxpY2Vuc2UgZmVlLCByb3lhbHR5LCBvciBvdGhlciBjaGFyZ2UgZm9yIGV4ZXJjaXNlIG9mIHJpZ2h0cyBncmFudGVkIHVuZGVyIHRoaXMgTGljZW5zZSwgYW5kIHlvdSBtYXkgbm90IGluaXRpYXRlIGxpdGlnYXRpb24gKGluY2x1ZGluZyBhIGNyb3NzLWNsYWltIG9yIGNvdW50ZXJjbGFpbSBpbiBhIGxhd3N1aXQpIGFsbGVnaW5nIHRoYXQgYW55IHBhdGVudCBjbGFpbSBpcyBpbmZyaW5nZWQgYnkgbWFraW5nLCB1c2luZywgc2VsbGluZywgb2ZmZXJpbmcgZm9yIHNhbGUsIG9yIGltcG9ydGluZyB0aGUgUHJvZ3JhbSBvciBhbnkgcG9ydGlvbiBvZiBpdC5cblxuW2ldW3VdMTEuIFBhdGVudHMuW1wvdV1bXC9pXVxuQSBcdTIwMWNjb250cmlidXRvclx1MjAxZCBpcyBhIGNvcHlyaWdodCBob2xkZXIgd2hvIGF1dGhvcml6ZXMgdXNlIHVuZGVyIHRoaXMgTGljZW5zZSBvZiB0aGUgUHJvZ3JhbSBvciBhIHdvcmsgb24gd2hpY2ggdGhlIFByb2dyYW0gaXMgYmFzZWQuIFRoZSB3b3JrIHRodXMgbGljZW5zZWQgaXMgY2FsbGVkIHRoZSBjb250cmlidXRvcidzIFx1MjAxY2NvbnRyaWJ1dG9yIHZlcnNpb25cdTIwMWQuXG5cbkEgY29udHJpYnV0b3IncyBcdTIwMWNlc3NlbnRpYWwgcGF0ZW50IGNsYWltc1x1MjAxZCBhcmUgYWxsIHBhdGVudCBjbGFpbXMgb3duZWQgb3IgY29udHJvbGxlZCBieSB0aGUgY29udHJpYnV0b3IsIHdoZXRoZXIgYWxyZWFkeSBhY3F1aXJlZCBvciBoZXJlYWZ0ZXIgYWNxdWlyZWQsIHRoYXQgd291bGQgYmUgaW5mcmluZ2VkIGJ5IHNvbWUgbWFubmVyLCBwZXJtaXR0ZWQgYnkgdGhpcyBMaWNlbnNlLCBvZiBtYWtpbmcsIHVzaW5nLCBvciBzZWxsaW5nIGl0cyBjb250cmlidXRvciB2ZXJzaW9uLCBidXQgZG8gbm90IGluY2x1ZGUgY2xhaW1zIHRoYXQgd291bGQgYmUgaW5mcmluZ2VkIG9ubHkgYXMgYSBjb25zZXF1ZW5jZSBvZiBmdXJ0aGVyIG1vZGlmaWNhdGlvbiBvZiB0aGUgY29udHJpYnV0b3IgdmVyc2lvbi4gRm9yIHB1cnBvc2VzIG9mIHRoaXMgZGVmaW5pdGlvbiwgXHUyMDFjY29udHJvbFx1MjAxZCBpbmNsdWRlcyB0aGUgcmlnaHQgdG8gZ3JhbnQgcGF0ZW50IHN1YmxpY2Vuc2VzIGluIGEgbWFubmVyIGNvbnNpc3RlbnQgd2l0aCB0aGUgcmVxdWlyZW1lbnRzIG9mIHRoaXMgTGljZW5zZS5cblxuRWFjaCBjb250cmlidXRvciBncmFudHMgeW91IGEgbm9uLWV4Y2x1c2l2ZSwgd29ybGR3aWRlLCByb3lhbHR5LWZyZWUgcGF0ZW50IGxpY2Vuc2UgdW5kZXIgdGhlIGNvbnRyaWJ1dG9yJ3MgZXNzZW50aWFsIHBhdGVudCBjbGFpbXMsIHRvIG1ha2UsIHVzZSwgc2VsbCwgb2ZmZXIgZm9yIHNhbGUsIGltcG9ydCBhbmQgb3RoZXJ3aXNlIHJ1biwgbW9kaWZ5IGFuZCBwcm9wYWdhdGUgdGhlIGNvbnRlbnRzIG9mIGl0cyBjb250cmlidXRvciB2ZXJzaW9uLlxuXG5JbiB0aGUgZm9sbG93aW5nIHRocmVlIHBhcmFncmFwaHMsIGEgXHUyMDFjcGF0ZW50IGxpY2Vuc2VcdTIwMWQgaXMgYW55IGV4cHJlc3MgYWdyZWVtZW50IG9yIGNvbW1pdG1lbnQsIGhvd2V2ZXIgZGVub21pbmF0ZWQsIG5vdCB0byBlbmZvcmNlIGEgcGF0ZW50IChzdWNoIGFzIGFuIGV4cHJlc3MgcGVybWlzc2lvbiB0byBwcmFjdGljZSBhIHBhdGVudCBvciBjb3ZlbmFudCBub3QgdG8gc3VlIGZvciBwYXRlbnQgaW5mcmluZ2VtZW50KS4gVG8gXHUyMDFjZ3JhbnRcdTIwMWQgc3VjaCBhIHBhdGVudCBsaWNlbnNlIHRvIGEgcGFydHkgbWVhbnMgdG8gbWFrZSBzdWNoIGFuIGFncmVlbWVudCBvciBjb21taXRtZW50IG5vdCB0byBlbmZvcmNlIGEgcGF0ZW50IGFnYWluc3QgdGhlIHBhcnR5LlxuXG5JZiB5b3UgY29udmV5IGEgY292ZXJlZCB3b3JrLCBrbm93aW5nbHkgcmVseWluZyBvbiBhIHBhdGVudCBsaWNlbnNlLCBhbmQgdGhlIENvcnJlc3BvbmRpbmcgU291cmNlIG9mIHRoZSB3b3JrIGlzIG5vdCBhdmFpbGFibGUgZm9yIGFueW9uZSB0byBjb3B5LCBmcmVlIG9mIGNoYXJnZSBhbmQgdW5kZXIgdGhlIHRlcm1zIG9mIHRoaXMgTGljZW5zZSwgdGhyb3VnaCBhIHB1YmxpY2x5IGF2YWlsYWJsZSBuZXR3b3JrIHNlcnZlciBvciBvdGhlciByZWFkaWx5IGFjY2Vzc2libGUgbWVhbnMsIHRoZW4geW91IG11c3QgZWl0aGVyICgxKSBjYXVzZSB0aGUgQ29ycmVzcG9uZGluZyBTb3VyY2UgdG8gYmUgc28gYXZhaWxhYmxlLCBvciAoMikgYXJyYW5nZSB0byBkZXByaXZlIHlvdXJzZWxmIG9mIHRoZSBiZW5lZml0IG9mIHRoZSBwYXRlbnQgbGljZW5zZSBmb3IgdGhpcyBwYXJ0aWN1bGFyIHdvcmssIG9yICgzKSBhcnJhbmdlLCBpbiBhIG1hbm5lciBjb25zaXN0ZW50IHdpdGggdGhlIHJlcXVpcmVtZW50cyBvZiB0aGlzIExpY2Vuc2UsIHRvIGV4dGVuZCB0aGUgcGF0ZW50IGxpY2Vuc2UgdG8gZG93bnN0cmVhbSByZWNpcGllbnRzLiBcdTIwMWNLbm93aW5nbHkgcmVseWluZ1x1MjAxZCBtZWFucyB5b3UgaGF2ZSBhY3R1YWwga25vd2xlZGdlIHRoYXQsIGJ1dCBmb3IgdGhlIHBhdGVudCBsaWNlbnNlLCB5b3VyIGNvbnZleWluZyB0aGUgY292ZXJlZCB3b3JrIGluIGEgY291bnRyeSwgb3IgeW91ciByZWNpcGllbnQncyB1c2Ugb2YgdGhlIGNvdmVyZWQgd29yayBpbiBhIGNvdW50cnksIHdvdWxkIGluZnJpbmdlIG9uZSBvciBtb3JlIGlkZW50aWZpYWJsZSBwYXRlbnRzIGluIHRoYXQgY291bnRyeSB0aGF0IHlvdSBoYXZlIHJlYXNvbiB0byBiZWxpZXZlIGFyZSB2YWxpZC5cblxuSWYsIHB1cnN1YW50IHRvIG9yIGluIGNvbm5lY3Rpb24gd2l0aCBhIHNpbmdsZSB0cmFuc2FjdGlvbiBvciBhcnJhbmdlbWVudCwgeW91IGNvbnZleSwgb3IgcHJvcGFnYXRlIGJ5IHByb2N1cmluZyBjb252ZXlhbmNlIG9mLCBhIGNvdmVyZWQgd29yaywgYW5kIGdyYW50IGEgcGF0ZW50IGxpY2Vuc2UgdG8gc29tZSBvZiB0aGUgcGFydGllcyByZWNlaXZpbmcgdGhlIGNvdmVyZWQgd29yayBhdXRob3JpemluZyB0aGVtIHRvIHVzZSwgcHJvcGFnYXRlLCBtb2RpZnkgb3IgY29udmV5IGEgc3BlY2lmaWMgY29weSBvZiB0aGUgY292ZXJlZCB3b3JrLCB0aGVuIHRoZSBwYXRlbnQgbGljZW5zZSB5b3UgZ3JhbnQgaXMgYXV0b21hdGljYWxseSBleHRlbmRlZCB0byBhbGwgcmVjaXBpZW50cyBvZiB0aGUgY292ZXJlZCB3b3JrIGFuZCB3b3JrcyBiYXNlZCBvbiBpdC5cblxuQSBwYXRlbnQgbGljZW5zZSBpcyBcdTIwMWNkaXNjcmltaW5hdG9yeVx1MjAxZCBpZiBpdCBkb2VzIG5vdCBpbmNsdWRlIHdpdGhpbiB0aGUgc2NvcGUgb2YgaXRzIGNvdmVyYWdlLCBwcm9oaWJpdHMgdGhlIGV4ZXJjaXNlIG9mLCBvciBpcyBjb25kaXRpb25lZCBvbiB0aGUgbm9uLWV4ZXJjaXNlIG9mIG9uZSBvciBtb3JlIG9mIHRoZSByaWdodHMgdGhhdCBhcmUgc3BlY2lmaWNhbGx5IGdyYW50ZWQgdW5kZXIgdGhpcyBMaWNlbnNlLiBZb3UgbWF5IG5vdCBjb252ZXkgYSBjb3ZlcmVkIHdvcmsgaWYgeW91IGFyZSBhIHBhcnR5IHRvIGFuIGFycmFuZ2VtZW50IHdpdGggYSB0aGlyZCBwYXJ0eSB0aGF0IGlzIGluIHRoZSBidXNpbmVzcyBvZiBkaXN0cmlidXRpbmcgc29mdHdhcmUsIHVuZGVyIHdoaWNoIHlvdSBtYWtlIHBheW1lbnQgdG8gdGhlIHRoaXJkIHBhcnR5IGJhc2VkIG9uIHRoZSBleHRlbnQgb2YgeW91ciBhY3Rpdml0eSBvZiBjb252ZXlpbmcgdGhlIHdvcmssIGFuZCB1bmRlciB3aGljaCB0aGUgdGhpcmQgcGFydHkgZ3JhbnRzLCB0byBhbnkgb2YgdGhlIHBhcnRpZXMgd2hvIHdvdWxkIHJlY2VpdmUgdGhlIGNvdmVyZWQgd29yayBmcm9tIHlvdSwgYSBkaXNjcmltaW5hdG9yeSBwYXRlbnQgbGljZW5zZSAoYSkgaW4gY29ubmVjdGlvbiB3aXRoIGNvcGllcyBvZiB0aGUgY292ZXJlZCB3b3JrIGNvbnZleWVkIGJ5IHlvdSAob3IgY29waWVzIG1hZGUgZnJvbSB0aG9zZSBjb3BpZXMpLCBvciAoYikgcHJpbWFyaWx5IGZvciBhbmQgaW4gY29ubmVjdGlvbiB3aXRoIHNwZWNpZmljIHByb2R1Y3RzIG9yIGNvbXBpbGF0aW9ucyB0aGF0IGNvbnRhaW4gdGhlIGNvdmVyZWQgd29yaywgdW5sZXNzIHlvdSBlbnRlcmVkIGludG8gdGhhdCBhcnJhbmdlbWVudCwgb3IgdGhhdCBwYXRlbnQgbGljZW5zZSB3YXMgZ3JhbnRlZCwgcHJpb3IgdG8gMjggTWFyY2ggMjAwNy5cblxuTm90aGluZyBpbiB0aGlzIExpY2Vuc2Ugc2hhbGwgYmUgY29uc3RydWVkIGFzIGV4Y2x1ZGluZyBvciBsaW1pdGluZyBhbnkgaW1wbGllZCBsaWNlbnNlIG9yIG90aGVyIGRlZmVuc2VzIHRvIGluZnJpbmdlbWVudCB0aGF0IG1heSBvdGhlcndpc2UgYmUgYXZhaWxhYmxlIHRvIHlvdSB1bmRlciBhcHBsaWNhYmxlIHBhdGVudCBsYXcuXG5cblt1XVtpXTEyLiBObyBTdXJyZW5kZXIgb2YgT3RoZXJzJyBGcmVlZG9tLltcL2ldW1wvdV1cbklmIGNvbmRpdGlvbnMgYXJlIGltcG9zZWQgb24geW91ICh3aGV0aGVyIGJ5IGNvdXJ0IG9yZGVyLCBhZ3JlZW1lbnQgb3Igb3RoZXJ3aXNlKSB0aGF0IGNvbnRyYWRpY3QgdGhlIGNvbmRpdGlvbnMgb2YgdGhpcyBMaWNlbnNlLCB0aGV5IGRvIG5vdCBleGN1c2UgeW91IGZyb20gdGhlIGNvbmRpdGlvbnMgb2YgdGhpcyBMaWNlbnNlLiBJZiB5b3UgY2Fubm90IGNvbnZleSBhIGNvdmVyZWQgd29yayBzbyBhcyB0byBzYXRpc2Z5IHNpbXVsdGFuZW91c2x5IHlvdXIgb2JsaWdhdGlvbnMgdW5kZXIgdGhpcyBMaWNlbnNlIGFuZCBhbnkgb3RoZXIgcGVydGluZW50IG9ibGlnYXRpb25zLCB0aGVuIGFzIGEgY29uc2VxdWVuY2UgeW91IG1heSBub3QgY29udmV5IGl0IGF0IGFsbC4gRm9yIGV4YW1wbGUsIGlmIHlvdSBhZ3JlZSB0byB0ZXJtcyB0aGF0IG9ibGlnYXRlIHlvdSB0byBjb2xsZWN0IGEgcm95YWx0eSBmb3IgZnVydGhlciBjb252ZXlpbmcgZnJvbSB0aG9zZSB0byB3aG9tIHlvdSBjb252ZXkgdGhlIFByb2dyYW0sIHRoZSBvbmx5IHdheSB5b3UgY291bGQgc2F0aXNmeSBib3RoIHRob3NlIHRlcm1zIGFuZCB0aGlzIExpY2Vuc2Ugd291bGQgYmUgdG8gcmVmcmFpbiBlbnRpcmVseSBmcm9tIGNvbnZleWluZyB0aGUgUHJvZ3JhbS5cblxuW2ldW3VdMTMuIFVzZSB3aXRoIHRoZSBHTlUgQWZmZXJvIEdlbmVyYWwgUHVibGljIExpY2Vuc2UuW1wvdV1bXC9pXVxuTm90d2l0aHN0YW5kaW5nIGFueSBvdGhlciBwcm92aXNpb24gb2YgdGhpcyBMaWNlbnNlLCB5b3UgaGF2ZSBwZXJtaXNzaW9uIHRvIGxpbmsgb3IgY29tYmluZSBhbnkgY292ZXJlZCB3b3JrIHdpdGggYSB3b3JrIGxpY2Vuc2VkIHVuZGVyIHZlcnNpb24gMyBvZiB0aGUgR05VIEFmZmVybyBHZW5lcmFsIFB1YmxpYyBMaWNlbnNlIGludG8gYSBzaW5nbGUgY29tYmluZWQgd29yaywgYW5kIHRvIGNvbnZleSB0aGUgcmVzdWx0aW5nIHdvcmsuIFRoZSB0ZXJtcyBvZiB0aGlzIExpY2Vuc2Ugd2lsbCBjb250aW51ZSB0byBhcHBseSB0byB0aGUgcGFydCB3aGljaCBpcyB0aGUgY292ZXJlZCB3b3JrLCBidXQgdGhlIHNwZWNpYWwgcmVxdWlyZW1lbnRzIG9mIHRoZSBHTlUgQWZmZXJvIEdlbmVyYWwgUHVibGljIExpY2Vuc2UsIHNlY3Rpb24gMTMsIGNvbmNlcm5pbmcgaW50ZXJhY3Rpb24gdGhyb3VnaCBhIG5ldHdvcmsgd2lsbCBhcHBseSB0byB0aGUgY29tYmluYXRpb24gYXMgc3VjaC5cblxuW2ldW3VdMTQuIFJldmlzZWQgVmVyc2lvbnMgb2YgdGhpcyBMaWNlbnNlLltcL3VdW1wvaV1cblRoZSBGcmVlIFNvZnR3YXJlIEZvdW5kYXRpb24gbWF5IHB1Ymxpc2ggcmV2aXNlZCBhbmRcL29yIG5ldyB2ZXJzaW9ucyBvZiB0aGUgR05VIEdlbmVyYWwgUHVibGljIExpY2Vuc2UgZnJvbSB0aW1lIHRvIHRpbWUuIFN1Y2ggbmV3IHZlcnNpb25zIHdpbGwgYmUgc2ltaWxhciBpbiBzcGlyaXQgdG8gdGhlIHByZXNlbnQgdmVyc2lvbiwgYnV0IG1heSBkaWZmZXIgaW4gZGV0YWlsIHRvIGFkZHJlc3MgbmV3IHByb2JsZW1zIG9yIGNvbmNlcm5zLlxuXG5FYWNoIHZlcnNpb24gaXMgZ2l2ZW4gYSBkaXN0aW5ndWlzaGluZyB2ZXJzaW9uIG51bWJlci4gSWYgdGhlIFByb2dyYW0gc3BlY2lmaWVzIHRoYXQgYSBjZXJ0YWluIG51bWJlcmVkIHZlcnNpb24gb2YgdGhlIEdOVSBHZW5lcmFsIFB1YmxpYyBMaWNlbnNlIFx1MjAxY29yIGFueSBsYXRlciB2ZXJzaW9uXHUyMDFkIGFwcGxpZXMgdG8gaXQsIHlvdSBoYXZlIHRoZSBvcHRpb24gb2YgZm9sbG93aW5nIHRoZSB0ZXJtcyBhbmQgY29uZGl0aW9ucyBlaXRoZXIgb2YgdGhhdCBudW1iZXJlZCB2ZXJzaW9uIG9yIG9mIGFueSBsYXRlciB2ZXJzaW9uIHB1Ymxpc2hlZCBieSB0aGUgRnJlZSBTb2Z0d2FyZSBGb3VuZGF0aW9uLiBJZiB0aGUgUHJvZ3JhbSBkb2VzIG5vdCBzcGVjaWZ5IGEgdmVyc2lvbiBudW1iZXIgb2YgdGhlIEdOVSBHZW5lcmFsIFB1YmxpYyBMaWNlbnNlLCB5b3UgbWF5IGNob29zZSBhbnkgdmVyc2lvbiBldmVyIHB1Ymxpc2hlZCBieSB0aGUgRnJlZSBTb2Z0d2FyZSBGb3VuZGF0aW9uLlxuXG5JZiB0aGUgUHJvZ3JhbSBzcGVjaWZpZXMgdGhhdCBhIHByb3h5IGNhbiBkZWNpZGUgd2hpY2ggZnV0dXJlIHZlcnNpb25zIG9mIHRoZSBHTlUgR2VuZXJhbCBQdWJsaWMgTGljZW5zZSBjYW4gYmUgdXNlZCwgdGhhdCBwcm94eSdzIHB1YmxpYyBzdGF0ZW1lbnQgb2YgYWNjZXB0YW5jZSBvZiBhIHZlcnNpb24gcGVybWFuZW50bHkgYXV0aG9yaXplcyB5b3UgdG8gY2hvb3NlIHRoYXQgdmVyc2lvbiBmb3IgdGhlIFByb2dyYW0uXG5cbkxhdGVyIGxpY2Vuc2UgdmVyc2lvbnMgbWF5IGdpdmUgeW91IGFkZGl0aW9uYWwgb3IgZGlmZmVyZW50IHBlcm1pc3Npb25zLiBIb3dldmVyLCBubyBhZGRpdGlvbmFsIG9ibGlnYXRpb25zIGFyZSBpbXBvc2VkIG9uIGFueSBhdXRob3Igb3IgY29weXJpZ2h0IGhvbGRlciBhcyBhIHJlc3VsdCBvZiB5b3VyIGNob29zaW5nIHRvIGZvbGxvdyBhIGxhdGVyIHZlcnNpb24uXG5cblt1XVtpXTE1LiBEaXNjbGFpbWVyIG9mIFdhcnJhbnR5LltcL2ldW1wvdV1cblRIRVJFIElTIE5PIFdBUlJBTlRZIEZPUiBUSEUgUFJPR1JBTSwgVE8gVEhFIEVYVEVOVCBQRVJNSVRURUQgQlkgQVBQTElDQUJMRSBMQVcuIEVYQ0VQVCBXSEVOIE9USEVSV0lTRSBTVEFURUQgSU4gV1JJVElORyBUSEUgQ09QWVJJR0hUIEhPTERFUlMgQU5EXC9PUiBPVEhFUiBQQVJUSUVTIFBST1ZJREUgVEhFIFBST0dSQU0gXHUyMDFjQVMgSVNcdTIwMWQgV0lUSE9VVCBXQVJSQU5UWSBPRiBBTlkgS0lORCwgRUlUSEVSIEVYUFJFU1NFRCBPUiBJTVBMSUVELCBJTkNMVURJTkcsIEJVVCBOT1QgTElNSVRFRCBUTywgVEhFIElNUExJRUQgV0FSUkFOVElFUyBPRiBNRVJDSEFOVEFCSUxJVFkgQU5EIEZJVE5FU1MgRk9SIEEgUEFSVElDVUxBUiBQVVJQT1NFLiBUSEUgRU5USVJFIFJJU0sgQVMgVE8gVEhFIFFVQUxJVFkgQU5EIFBFUkZPUk1BTkNFIE9GIFRIRSBQUk9HUkFNIElTIFdJVEggWU9VLiBTSE9VTEQgVEhFIFBST0dSQU0gUFJPVkUgREVGRUNUSVZFLCBZT1UgQVNTVU1FIFRIRSBDT1NUIE9GIEFMTCBORUNFU1NBUlkgU0VSVklDSU5HLCBSRVBBSVIgT1IgQ09SUkVDVElPTi5cblxuW3VdW2ldMTYuIExpbWl0YXRpb24gb2YgTGlhYmlsaXR5LltcL2ldW1wvdV1cbklOIE5PIEVWRU5UIFVOTEVTUyBSRVFVSVJFRCBCWSBBUFBMSUNBQkxFIExBVyBPUiBBR1JFRUQgVE8gSU4gV1JJVElORyBXSUxMIEFOWSBDT1BZUklHSFQgSE9MREVSLCBPUiBBTlkgT1RIRVIgUEFSVFkgV0hPIE1PRElGSUVTIEFORFwvT1IgQ09OVkVZUyBUSEUgUFJPR1JBTSBBUyBQRVJNSVRURUQgQUJPVkUsIEJFIExJQUJMRSBUTyBZT1UgRk9SIERBTUFHRVMsIElOQ0xVRElORyBBTlkgR0VORVJBTCwgU1BFQ0lBTCwgSU5DSURFTlRBTCBPUiBDT05TRVFVRU5USUFMIERBTUFHRVMgQVJJU0lORyBPVVQgT0YgVEhFIFVTRSBPUiBJTkFCSUxJVFkgVE8gVVNFIFRIRSBQUk9HUkFNIChJTkNMVURJTkcgQlVUIE5PVCBMSU1JVEVEIFRPIExPU1MgT0YgREFUQSBPUiBEQVRBIEJFSU5HIFJFTkRFUkVEIElOQUNDVVJBVEUgT1IgTE9TU0VTIFNVU1RBSU5FRCBCWSBZT1UgT1IgVEhJUkQgUEFSVElFUyBPUiBBIEZBSUxVUkUgT0YgVEhFIFBST0dSQU0gVE8gT1BFUkFURSBXSVRIIEFOWSBPVEhFUiBQUk9HUkFNUyksIEVWRU4gSUYgU1VDSCBIT0xERVIgT1IgT1RIRVIgUEFSVFkgSEFTIEJFRU4gQURWSVNFRCBPRiBUSEUgUE9TU0lCSUxJVFkgT0YgU1VDSCBEQU1BR0VTLlxuXG5bdV1baV0xNy4gSW50ZXJwcmV0YXRpb24gb2YgU2VjdGlvbnMgMTUgYW5kIDE2LltcL2ldW1wvdV1cbklmIHRoZSBkaXNjbGFpbWVyIG9mIHdhcnJhbnR5IGFuZCBsaW1pdGF0aW9uIG9mIGxpYWJpbGl0eSBwcm92aWRlZCBhYm92ZSBjYW5ub3QgYmUgZ2l2ZW4gbG9jYWwgbGVnYWwgZWZmZWN0IGFjY29yZGluZyB0byB0aGVpciB0ZXJtcywgcmV2aWV3aW5nIGNvdXJ0cyBzaGFsbCBhcHBseSBsb2NhbCBsYXcgdGhhdCBtb3N0IGNsb3NlbHkgYXBwcm94aW1hdGVzIGFuIGFic29sdXRlIHdhaXZlciBvZiBhbGwgY2l2aWwgbGlhYmlsaXR5IGluIGNvbm5lY3Rpb24gd2l0aCB0aGUgUHJvZ3JhbSwgdW5sZXNzIGEgd2FycmFudHkgb3IgYXNzdW1wdGlvbiBvZiBsaWFiaWxpdHkgYWNjb21wYW5pZXMgYSBjb3B5IG9mIHRoZSBQcm9ncmFtIGluIHJldHVybiBmb3IgYSBmZWUuXG5cbkVORCBPRiBURVJNUyBBTkQgQ09ORElUSU9OUyIKICAgICAgICAgICAgICAgICAgICBdCiAgICAgICAgICAgICAgICB9CiAgICAgICAgICAgIH0KICAgICAgICBdLAogICAgICAgICJsb2dpbiI6IGZhbHNlLAogICAgICAgICJlZGl0IjogdHJ1ZSwKICAgICAgICAiY2FuX2VkaXQiOiBbCiAgICAgICAgICAgICJBZG1pbmlzdHJhdG9yIgogICAgICAgIF0sCiAgICAgICAgInBlcm0iOiBbCiAgICAgICAgICAgICJBZG1pbmlzdHJhdG9yIgogICAgICAgIF0sCiAgICAgICAgInRhcmdldCI6IFsKICAgICAgICAgICAgewogICAgICAgICAgICAgICAgInBlcm0iOiBbCiAgICAgICAgICAgICAgICAgICAgIkFkbWluaXN0cmF0b3IiCiAgICAgICAgICAgICAgICBdLAogICAgICAgICAgICAgICAgImNhbl9lZGl0IjogWwogICAgICAgICAgICAgICAgICAgICJBZG1pbmlzdHJhdG9yIgogICAgICAgICAgICAgICAgXQogICAgICAgICAgICB9CiAgICAgICAgXQogICAgfQp9');
INSERT INTO `omacs` (`type`, `data`) VALUES
('menu', 'ewogICAgImhvbWUiOiB7CiAgICAgICAgInRpdGxlIjogIkhvbWUiLAogICAgICAgICJ0eXBlIjogImludGVybiIsCiAgICAgICAgInBlcm0iOiBbCiAgICAgICAgICAgICJBZG1pbmlzdHJhdG9yIgogICAgICAgIF0sCiAgICAgICAgImxvZ2luIjogZmFsc2UsCiAgICAgICAgImVkaXQiOiB0cnVlLAogICAgICAgICJjYW5fZWRpdCI6IHsKICAgICAgICAgICAgIjEiOiAiQWRtaW5pc3RyYXRvciIKICAgICAgICB9LAogICAgICAgICJ0YXJnZXQiOiAiaG9tZSIKICAgIH0sCiAgICAidXNlciI6IHsKICAgICAgICAidGl0bGUiOiAiVXNlciIsCiAgICAgICAgInR5cGUiOiAic3ViIiwKICAgICAgICAicGVybSI6IFsKICAgICAgICAgICAgIlVzZXIiLAogICAgICAgICAgICAiQWRtaW5pc3RyYXRvciIKICAgICAgICBdLAogICAgICAgICJsb2dpbiI6IHRydWUsCiAgICAgICAgImVkaXQiOiB0cnVlLAogICAgICAgICJjYW5fZWRpdCI6IFsKICAgICAgICAgICAgIkFkbWluaXN0cmF0b3IiCiAgICAgICAgXSwKICAgICAgICAidGFyZ2V0IjogWwogICAgICAgICAgICB7CiAgICAgICAgICAgICAgICAidGl0bGUiOiAiUHJvZmlsZSIsCiAgICAgICAgICAgICAgICAidHlwZSI6ICJpbnRlcm4iLAogICAgICAgICAgICAgICAgInBlcm0iOiBbXSwKICAgICAgICAgICAgICAgICJsb2dpbiI6IHRydWUsCiAgICAgICAgICAgICAgICAiZWRpdCI6IHRydWUsCiAgICAgICAgICAgICAgICAiY2FuX2VkaXQiOiBbCiAgICAgICAgICAgICAgICAgICAgIkFkbWluaXN0cmF0b3IiCiAgICAgICAgICAgICAgICBdLAogICAgICAgICAgICAgICAgInRhcmdldCI6ICJwcm9maWxlIgogICAgICAgICAgICB9LAogICAgICAgICAgICB7CiAgICAgICAgICAgICAgICAidGl0bGUiOiAiTG9nb3V0IiwKICAgICAgICAgICAgICAgICJ0eXBlIjogImV4dGVybiIsCiAgICAgICAgICAgICAgICAicGVybSI6IFtdLAogICAgICAgICAgICAgICAgImxvZ2luIjogdHJ1ZSwKICAgICAgICAgICAgICAgICJlZGl0IjogdHJ1ZSwKICAgICAgICAgICAgICAgICJjYW5fZWRpdCI6IFsKICAgICAgICAgICAgICAgICAgICAiQWRtaW5pc3RyYXRvciIKICAgICAgICAgICAgICAgIF0sCiAgICAgICAgICAgICAgICAidGFyZ2V0IjogInVzZXJzXC9sb2dvdXQucGhwIgogICAgICAgICAgICB9CiAgICAgICAgXQogICAgfSwKICAgICJvbWFjcyI6IHsKICAgICAgICAidGl0bGUiOiAiT01BQ1MiLAogICAgICAgICJ0eXBlIjogInN1YiIsCiAgICAgICAgInBlcm0iOiB7CiAgICAgICAgICAgICIxIjogIkFkbWluaXN0cmF0b3IiCiAgICAgICAgfSwKICAgICAgICAibG9naW4iOiB0cnVlLAogICAgICAgICJlZGl0IjogdHJ1ZSwKICAgICAgICAiY2FuX2VkaXQiOiBbCiAgICAgICAgICAgICJBZG1pbmlzdHJhdG9yIgogICAgICAgIF0sCiAgICAgICAgInRhcmdldCI6IHsKICAgICAgICAgICAgInVzZXJzIjogewogICAgICAgICAgICAgICAgInRpdGxlIjogIk1hbmFnZSB1c2VycyIsCiAgICAgICAgICAgICAgICAidHlwZSI6ICJpbnRlcm4iLAogICAgICAgICAgICAgICAgInBlcm0iOiB7CiAgICAgICAgICAgICAgICAgICAgIjEiOiAiQWRtaW5pc3RyYXRvciIKICAgICAgICAgICAgICAgIH0sCiAgICAgICAgICAgICAgICAibG9naW4iOiB0cnVlLAogICAgICAgICAgICAgICAgImVkaXQiOiB0cnVlLAogICAgICAgICAgICAgICAgImNhbl9lZGl0IjogWwogICAgICAgICAgICAgICAgICAgICJBZG1pbmlzdHJhdG9yIgogICAgICAgICAgICAgICAgXSwKICAgICAgICAgICAgICAgICJ0YXJnZXQiOiAidXNlcnMiCiAgICAgICAgICAgIH0sCiAgICAgICAgICAgICJwZXJtIjogewogICAgICAgICAgICAgICAgInRpdGxlIjogIk1hbmFnZSBwZXJtaXNzaW9ucyIsCiAgICAgICAgICAgICAgICAidHlwZSI6ICJpbnRlcm4iLAogICAgICAgICAgICAgICAgInBlcm0iOiB7CiAgICAgICAgICAgICAgICAgICAgIjEiOiAiQWRtaW5pc3RyYXRvciIKICAgICAgICAgICAgICAgIH0sCiAgICAgICAgICAgICAgICAibG9naW4iOiB0cnVlLAogICAgICAgICAgICAgICAgImVkaXQiOiB0cnVlLAogICAgICAgICAgICAgICAgImNhbl9lZGl0IjogWwogICAgICAgICAgICAgICAgICAgICJBZG1pbmlzdHJhdG9yIgogICAgICAgICAgICAgICAgXSwKICAgICAgICAgICAgICAgICJ0YXJnZXQiOiAicGVybWlzc2lvbnMiCiAgICAgICAgICAgIH0sCiAgICAgICAgICAgICJtZW51IjogewogICAgICAgICAgICAgICAgInRpdGxlIjogIk1lbnUgc2V0dGluZ3MiLAogICAgICAgICAgICAgICAgInR5cGUiOiAiaW50ZXJuIiwKICAgICAgICAgICAgICAgICJwZXJtIjogewogICAgICAgICAgICAgICAgICAgICIxIjogIkFkbWluaXN0cmF0b3IiCiAgICAgICAgICAgICAgICB9LAogICAgICAgICAgICAgICAgImxvZ2luIjogdHJ1ZSwKICAgICAgICAgICAgICAgICJlZGl0IjogdHJ1ZSwKICAgICAgICAgICAgICAgICJjYW5fZWRpdCI6IFsKICAgICAgICAgICAgICAgICAgICAiQWRtaW5pc3RyYXRvciIKICAgICAgICAgICAgICAgIF0sCiAgICAgICAgICAgICAgICAidGFyZ2V0IjogIm1lbnUiCiAgICAgICAgICAgIH0sCiAgICAgICAgICAgICJwYWdlcyI6IHsKICAgICAgICAgICAgICAgICJ0aXRsZSI6ICJQYWdlcyIsCiAgICAgICAgICAgICAgICAidHlwZSI6ICJpbnRlcm4iLAogICAgICAgICAgICAgICAgInRhcmdldCI6ICJwYWdlcyIsCiAgICAgICAgICAgICAgICAiZWRpdCI6IHRydWUsCiAgICAgICAgICAgICAgICAibG9naW4iOiB0cnVlLAogICAgICAgICAgICAgICAgImNhbl9lZGl0IjogWwogICAgICAgICAgICAgICAgICAgICJBZG1pbmlzdHJhdG9yIgogICAgICAgICAgICAgICAgXSwKICAgICAgICAgICAgICAgICJwZXJtIjogewogICAgICAgICAgICAgICAgICAgICIxIjogIkFkbWluaXN0cmF0b3IiCiAgICAgICAgICAgICAgICB9CiAgICAgICAgICAgIH0sCiAgICAgICAgICAgICJzdHlsZSI6IHsKICAgICAgICAgICAgICAgICJ0aXRsZSI6ICJTdHlsZSBzZXR0aW5ncyIsCiAgICAgICAgICAgICAgICAidHlwZSI6ICJpbnRlcm4iLAogICAgICAgICAgICAgICAgInBlcm0iOiB7CiAgICAgICAgICAgICAgICAgICAgIjEiOiAiQWRtaW5pc3RyYXRvciIKICAgICAgICAgICAgICAgIH0sCiAgICAgICAgICAgICAgICAibG9naW4iOiB0cnVlLAogICAgICAgICAgICAgICAgImVkaXQiOiB0cnVlLAogICAgICAgICAgICAgICAgImNhbl9lZGl0IjogWwogICAgICAgICAgICAgICAgICAgICJBZG1pbmlzdHJhdG9yIgogICAgICAgICAgICAgICAgXSwKICAgICAgICAgICAgICAgICJ0YXJnZXQiOiAib21hY3Nfc3R5bGUiCiAgICAgICAgICAgIH0sCiAgICAgICAgICAgICJjYXJkcyI6IHsKICAgICAgICAgICAgICAgICJ0aXRsZSI6ICJDYXJkcyIsCiAgICAgICAgICAgICAgICAidHlwZSI6ICJpbnRlcm4iLAogICAgICAgICAgICAgICAgInRhcmdldCI6ICJjYXJkcyIsCiAgICAgICAgICAgICAgICAiZWRpdCI6IHRydWUsCiAgICAgICAgICAgICAgICAibG9naW4iOiB0cnVlLAogICAgICAgICAgICAgICAgImNhbl9lZGl0IjogWwogICAgICAgICAgICAgICAgICAgICJBZG1pbmlzdHJhdG9yIgogICAgICAgICAgICAgICAgXSwKICAgICAgICAgICAgICAgICJwZXJtIjogewogICAgICAgICAgICAgICAgICAgICIxIjogIkFkbWluaXN0cmF0b3IiCiAgICAgICAgICAgICAgICB9CiAgICAgICAgICAgIH0sCiAgICAgICAgICAgICJkYXNoYm9hcmQiOiB7CiAgICAgICAgICAgICAgICAidGl0bGUiOiAiVXNlclNwaWNlIGRhc2hib2FyZCIsCiAgICAgICAgICAgICAgICAidHlwZSI6ICJleHRlcm4iLAogICAgICAgICAgICAgICAgInBlcm0iOiB7CiAgICAgICAgICAgICAgICAgICAgIjEiOiAiQWRtaW5pc3RyYXRvciIKICAgICAgICAgICAgICAgIH0sCiAgICAgICAgICAgICAgICAibG9naW4iOiB0cnVlLAogICAgICAgICAgICAgICAgImVkaXQiOiB0cnVlLAogICAgICAgICAgICAgICAgImNhbl9lZGl0IjogWwogICAgICAgICAgICAgICAgICAgICJBZG1pbmlzdHJhdG9yIgogICAgICAgICAgICAgICAgXSwKICAgICAgICAgICAgICAgICJ0YXJnZXQiOiAidXNlcnNcLyIKICAgICAgICAgICAgfQogICAgICAgIH0KICAgIH0sCiAgICAiaGVscCI6IHsKICAgICAgICAidGl0bGUiOiAiSGVscCIsCiAgICAgICAgInR5cGUiOiAiaW50ZXJuIiwKICAgICAgICAicGVybSI6IFsKICAgICAgICAgICAgIlVzZXIiLAogICAgICAgICAgICAiQWRtaW5pc3RyYXRvciIKICAgICAgICBdLAogICAgICAgICJsb2dpbiI6IGZhbHNlLAogICAgICAgICJlZGl0IjogdHJ1ZSwKICAgICAgICAiY2FuX2VkaXQiOiBbCiAgICAgICAgICAgICJBZG1pbmlzdHJhdG9yIgogICAgICAgIF0sCiAgICAgICAgInRhcmdldCI6ICJoZWxwIgogICAgfQp9');

-- --------------------------------------------------------

--
-- Table structure for table `pages`
--

CREATE TABLE `pages` (
  `id` int(11) NOT NULL,
  `page` varchar(100) NOT NULL,
  `title` varchar(50) NOT NULL,
  `private` int(11) NOT NULL DEFAULT '0',
  `re_auth` int(1) NOT NULL DEFAULT '0'
) ENGINE=InnoDB DEFAULT CHARSET=utf8;

--
-- Dumping data for table `pages`
--

INSERT INTO `pages` (`id`, `page`, `title`, `private`, `re_auth`) VALUES
(1, 'index.php', 'Home', 0, 0),
(2, 'z_us_root.php', '', 0, 0),
(3, 'users/account.php', 'Account Dashboard', 1, 0),
(4, 'users/admin.php', 'Admin Dashboard', 1, 0),
(5, 'users/admin_page.php', 'Pages Manager', 1, 0),
(6, 'users/admin_pages.php', 'Pages Manager', 1, 0),
(7, 'users/admin_permission.php', 'Permissions Manager', 1, 0),
(8, 'users/admin_permissions.php', 'Permissions Manager', 1, 0),
(9, 'users/admin_user.php', 'User Manager', 1, 0),
(10, 'users/admin_users.php', 'User Manager', 1, 1),
(11, 'users/edit_profile.php', 'Edit Profile', 1, 0),
(12, 'users/email_settings.php', 'Email Settings', 1, 0),
(13, 'users/email_test.php', 'Email Test', 1, 0),
(14, 'users/forgot_password.php', 'Forgotten Password', 0, 0),
(15, 'users/forgot_password_reset.php', 'Reset Forgotten Password', 0, 0),
(16, 'users/index.php', 'Home', 0, 0),
(17, 'users/init.php', '', 0, 0),
(18, 'users/join.php', 'Join', 0, 0),
(19, 'users/joinThankYou.php', 'Join', 0, 0),
(20, 'users/login.php', 'Login', 0, 0),
(21, 'users/logout.php', 'Logout', 0, 0),
(22, 'users/profile.php', 'Profile', 1, 0),
(23, 'users/times.php', '', 0, 0),
(24, 'users/user_settings.php', 'User Settings', 1, 0),
(25, 'users/verify.php', 'Account Verification', 0, 0),
(26, 'users/verify_resend.php', 'Account Verification', 0, 0),
(27, 'users/view_all_users.php', 'View All Users', 1, 0),
(28, 'usersc/empty.php', '', 0, 0),
(31, 'users/oauth_success.php', '', 0, 0),
(33, 'users/fb-callback.php', '', 0, 0),
(37, 'users/check_updates.php', 'Check For Updates', 1, 0),
(38, 'users/google_helpers.php', '', 0, 0),
(39, 'users/tomfoolery.php', 'Security Log', 1, 0),
(41, 'users/messages.php', 'Messages', 1, 0),
(42, 'users/message.php', 'Messages', 1, 0),
(44, 'users/admin_backup.php', 'Backup Manager', 1, 0),
(45, 'users/maintenance.php', 'Maintenance', 0, 0),
(47, 'users/mqtt_settings.php', 'MQTT Settings', 1, 0),
(49, 'users/admin_verify.php', 'Password Verification', 1, 0),
(50, 'users/cron_manager.php', 'Cron Manager', 1, 0),
(51, 'users/cron_post.php', '', 1, 0),
(52, 'users/admin_message.php', 'Messages Manager', 1, 0),
(53, 'users/admin_messages.php', 'Messages Manager', 1, 0),
(55, 'users/admin_logs.php', 'Logs Manager', 1, 0),
(56, 'users/admin_logs_exempt.php', 'Logs Manager', 1, 0),
(57, 'users/admin_logs_manager.php', 'Logs Manager', 1, 0),
(58, 'users/admin_logs_mapper.php', 'Logs Manager', 1, 0),
(68, 'users/update.php', 'Update Manager', 1, 0),
(69, 'users/admin_menu_item.php', 'Menu Manager', 1, 0),
(70, 'users/admin_menus.php', 'Menu Manager', 1, 0),
(71, 'users/admin_menu.php', 'Menu Manager', 1, 0),
(72, 'users/admin_ips.php', 'IP Manager', 1, 0),
(73, 'users/subscribe.php', '', 1, 0),
(74, 'users/admin_notifications.php', 'Notifications Manager', 1, 0),
(76, 'users/enable2fa.php', 'Enable 2 Factor Auth', 1, 0),
(77, 'users/disable2fa.php', 'Disable 2 Factor Auth', 1, 0),
(78, 'users/admin_forms.php', 'Form Manager', 1, 0),
(79, 'users/admin_form_views.php', 'Form View Manager', 1, 0),
(80, 'users/edit_form.php', 'Form Editor', 1, 0),
(81, 'users/admin_pin.php', 'Verification PIN Set', 1, 0),
(82, 'users/manage2fa.php', 'Manage Two FA', 1, 0),
(83, 'users/manage_sessions.php', 'Session Manage', 1, 0),
(84, 'users/admin_manage_sessions.php', 'Session Manage', 1, 1),
(85, '403.php', '', 1, 0),
(86, 'users/twofa.php', '', 1, 0);

-- --------------------------------------------------------

--
-- Table structure for table `permissions`
--

CREATE TABLE `permissions` (
  `id` int(11) NOT NULL,
  `name` varchar(150) NOT NULL
) ENGINE=InnoDB DEFAULT CHARSET=utf8;

--
-- Dumping data for table `permissions`
--

INSERT INTO `permissions` (`id`, `name`) VALUES
(1, 'User'),
(2, 'Administrator');

-- --------------------------------------------------------

--
-- Table structure for table `permission_page_matches`
--

CREATE TABLE `permission_page_matches` (
  `id` int(11) NOT NULL,
  `permission_id` int(15) NOT NULL,
  `page_id` int(15) NOT NULL
) ENGINE=InnoDB DEFAULT CHARSET=utf8;

--
-- Dumping data for table `permission_page_matches`
--

INSERT INTO `permission_page_matches` (`id`, `permission_id`, `page_id`) VALUES
(2, 2, 27),
(3, 1, 24),
(4, 1, 22),
(5, 2, 13),
(6, 2, 12),
(7, 1, 11),
(8, 2, 10),
(9, 2, 9),
(10, 2, 8),
(11, 2, 7),
(12, 2, 6),
(13, 2, 5),
(14, 2, 4),
(15, 1, 3),
(16, 2, 37),
(17, 2, 39),
(19, 2, 40),
(21, 2, 41),
(23, 2, 42),
(27, 1, 42),
(28, 1, 27),
(29, 1, 41),
(30, 1, 40),
(31, 2, 44),
(32, 2, 47),
(33, 2, 51),
(34, 2, 50),
(35, 2, 49),
(36, 2, 53),
(37, 2, 52),
(38, 2, 68),
(39, 2, 55),
(40, 2, 56),
(41, 2, 71),
(42, 2, 58),
(43, 2, 57),
(44, 2, 53),
(45, 2, 74),
(46, 2, 75),
(47, 1, 75),
(48, 1, 76),
(49, 2, 76),
(50, 1, 77),
(51, 2, 77),
(52, 2, 78),
(53, 2, 80),
(54, 1, 81),
(55, 1, 82),
(56, 1, 83),
(57, 2, 84);

-- --------------------------------------------------------

--
-- Table structure for table `pma__bookmark`
--

CREATE TABLE `pma__bookmark` (
  `id` int(10) UNSIGNED NOT NULL,
  `dbase` varchar(255) COLLATE utf8_bin NOT NULL DEFAULT '',
  `user` varchar(255) COLLATE utf8_bin NOT NULL DEFAULT '',
  `label` varchar(255) CHARACTER SET utf8 NOT NULL DEFAULT '',
  `query` text COLLATE utf8_bin NOT NULL
) ENGINE=InnoDB DEFAULT CHARSET=utf8 COLLATE=utf8_bin COMMENT='Bookmarks';

-- --------------------------------------------------------

--
-- Table structure for table `pma__central_columns`
--

CREATE TABLE `pma__central_columns` (
  `db_name` varchar(64) COLLATE utf8_bin NOT NULL,
  `col_name` varchar(64) COLLATE utf8_bin NOT NULL,
  `col_type` varchar(64) COLLATE utf8_bin NOT NULL,
  `col_length` text COLLATE utf8_bin,
  `col_collation` varchar(64) COLLATE utf8_bin NOT NULL,
  `col_isNull` tinyint(1) NOT NULL,
  `col_extra` varchar(255) COLLATE utf8_bin DEFAULT '',
  `col_default` text COLLATE utf8_bin
) ENGINE=InnoDB DEFAULT CHARSET=utf8 COLLATE=utf8_bin COMMENT='Central list of columns';

-- --------------------------------------------------------

--
-- Table structure for table `pma__column_info`
--

CREATE TABLE `pma__column_info` (
  `id` int(5) UNSIGNED NOT NULL,
  `db_name` varchar(64) COLLATE utf8_bin NOT NULL DEFAULT '',
  `table_name` varchar(64) COLLATE utf8_bin NOT NULL DEFAULT '',
  `column_name` varchar(64) COLLATE utf8_bin NOT NULL DEFAULT '',
  `comment` varchar(255) CHARACTER SET utf8 NOT NULL DEFAULT '',
  `mimetype` varchar(255) CHARACTER SET utf8 NOT NULL DEFAULT '',
  `transformation` varchar(255) COLLATE utf8_bin NOT NULL DEFAULT '',
  `transformation_options` varchar(255) COLLATE utf8_bin NOT NULL DEFAULT '',
  `input_transformation` varchar(255) COLLATE utf8_bin NOT NULL DEFAULT '',
  `input_transformation_options` varchar(255) COLLATE utf8_bin NOT NULL DEFAULT ''
) ENGINE=InnoDB DEFAULT CHARSET=utf8 COLLATE=utf8_bin COMMENT='Column information for phpMyAdmin';

-- --------------------------------------------------------

--
-- Table structure for table `pma__designer_settings`
--

CREATE TABLE `pma__designer_settings` (
  `username` varchar(64) COLLATE utf8_bin NOT NULL,
  `settings_data` text COLLATE utf8_bin NOT NULL
) ENGINE=InnoDB DEFAULT CHARSET=utf8 COLLATE=utf8_bin COMMENT='Settings related to Designer';

-- --------------------------------------------------------

--
-- Table structure for table `pma__export_templates`
--

CREATE TABLE `pma__export_templates` (
  `id` int(5) UNSIGNED NOT NULL,
  `username` varchar(64) COLLATE utf8_bin NOT NULL,
  `export_type` varchar(10) COLLATE utf8_bin NOT NULL,
  `template_name` varchar(64) COLLATE utf8_bin NOT NULL,
  `template_data` text COLLATE utf8_bin NOT NULL
) ENGINE=InnoDB DEFAULT CHARSET=utf8 COLLATE=utf8_bin COMMENT='Saved export templates';

-- --------------------------------------------------------

--
-- Table structure for table `pma__favorite`
--

CREATE TABLE `pma__favorite` (
  `username` varchar(64) COLLATE utf8_bin NOT NULL,
  `tables` text COLLATE utf8_bin NOT NULL
) ENGINE=InnoDB DEFAULT CHARSET=utf8 COLLATE=utf8_bin COMMENT='Favorite tables';

-- --------------------------------------------------------

--
-- Table structure for table `pma__history`
--

CREATE TABLE `pma__history` (
  `id` bigint(20) UNSIGNED NOT NULL,
  `username` varchar(64) COLLATE utf8_bin NOT NULL DEFAULT '',
  `db` varchar(64) COLLATE utf8_bin NOT NULL DEFAULT '',
  `table` varchar(64) COLLATE utf8_bin NOT NULL DEFAULT '',
  `timevalue` timestamp NOT NULL DEFAULT CURRENT_TIMESTAMP,
  `sqlquery` text COLLATE utf8_bin NOT NULL
) ENGINE=InnoDB DEFAULT CHARSET=utf8 COLLATE=utf8_bin COMMENT='SQL history for phpMyAdmin';

-- --------------------------------------------------------

--
-- Table structure for table `pma__navigationhiding`
--

CREATE TABLE `pma__navigationhiding` (
  `username` varchar(64) COLLATE utf8_bin NOT NULL,
  `item_name` varchar(64) COLLATE utf8_bin NOT NULL,
  `item_type` varchar(64) COLLATE utf8_bin NOT NULL,
  `db_name` varchar(64) COLLATE utf8_bin NOT NULL,
  `table_name` varchar(64) COLLATE utf8_bin NOT NULL
) ENGINE=InnoDB DEFAULT CHARSET=utf8 COLLATE=utf8_bin COMMENT='Hidden items of navigation tree';

-- --------------------------------------------------------

--
-- Table structure for table `pma__pdf_pages`
--

CREATE TABLE `pma__pdf_pages` (
  `db_name` varchar(64) COLLATE utf8_bin NOT NULL DEFAULT '',
  `page_nr` int(10) UNSIGNED NOT NULL,
  `page_descr` varchar(50) CHARACTER SET utf8 NOT NULL DEFAULT ''
) ENGINE=InnoDB DEFAULT CHARSET=utf8 COLLATE=utf8_bin COMMENT='PDF relation pages for phpMyAdmin';

-- --------------------------------------------------------

--
-- Table structure for table `pma__recent`
--

CREATE TABLE `pma__recent` (
  `username` varchar(64) COLLATE utf8_bin NOT NULL,
  `tables` text COLLATE utf8_bin NOT NULL
) ENGINE=InnoDB DEFAULT CHARSET=utf8 COLLATE=utf8_bin COMMENT='Recently accessed tables';

--
-- Dumping data for table `pma__recent`
--

INSERT INTO `pma__recent` (`username`, `tables`) VALUES
('joppe', '[{\"db\":\"omacs\",\"table\":\"omacs\"},{\"db\":\"omacs\",\"table\":\"users\"}]');

-- --------------------------------------------------------

--
-- Table structure for table `pma__relation`
--

CREATE TABLE `pma__relation` (
  `master_db` varchar(64) COLLATE utf8_bin NOT NULL DEFAULT '',
  `master_table` varchar(64) COLLATE utf8_bin NOT NULL DEFAULT '',
  `master_field` varchar(64) COLLATE utf8_bin NOT NULL DEFAULT '',
  `foreign_db` varchar(64) COLLATE utf8_bin NOT NULL DEFAULT '',
  `foreign_table` varchar(64) COLLATE utf8_bin NOT NULL DEFAULT '',
  `foreign_field` varchar(64) COLLATE utf8_bin NOT NULL DEFAULT ''
) ENGINE=InnoDB DEFAULT CHARSET=utf8 COLLATE=utf8_bin COMMENT='Relation table';

-- --------------------------------------------------------

--
-- Table structure for table `pma__savedsearches`
--

CREATE TABLE `pma__savedsearches` (
  `id` int(5) UNSIGNED NOT NULL,
  `username` varchar(64) COLLATE utf8_bin NOT NULL DEFAULT '',
  `db_name` varchar(64) COLLATE utf8_bin NOT NULL DEFAULT '',
  `search_name` varchar(64) COLLATE utf8_bin NOT NULL DEFAULT '',
  `search_data` text COLLATE utf8_bin NOT NULL
) ENGINE=InnoDB DEFAULT CHARSET=utf8 COLLATE=utf8_bin COMMENT='Saved searches';

-- --------------------------------------------------------

--
-- Table structure for table `pma__table_coords`
--

CREATE TABLE `pma__table_coords` (
  `db_name` varchar(64) COLLATE utf8_bin NOT NULL DEFAULT '',
  `table_name` varchar(64) COLLATE utf8_bin NOT NULL DEFAULT '',
  `pdf_page_number` int(11) NOT NULL DEFAULT '0',
  `x` float UNSIGNED NOT NULL DEFAULT '0',
  `y` float UNSIGNED NOT NULL DEFAULT '0'
) ENGINE=InnoDB DEFAULT CHARSET=utf8 COLLATE=utf8_bin COMMENT='Table coordinates for phpMyAdmin PDF output';

-- --------------------------------------------------------

--
-- Table structure for table `pma__table_info`
--

CREATE TABLE `pma__table_info` (
  `db_name` varchar(64) COLLATE utf8_bin NOT NULL DEFAULT '',
  `table_name` varchar(64) COLLATE utf8_bin NOT NULL DEFAULT '',
  `display_field` varchar(64) COLLATE utf8_bin NOT NULL DEFAULT ''
) ENGINE=InnoDB DEFAULT CHARSET=utf8 COLLATE=utf8_bin COMMENT='Table information for phpMyAdmin';

-- --------------------------------------------------------

--
-- Table structure for table `pma__table_uiprefs`
--

CREATE TABLE `pma__table_uiprefs` (
  `username` varchar(64) COLLATE utf8_bin NOT NULL,
  `db_name` varchar(64) COLLATE utf8_bin NOT NULL,
  `table_name` varchar(64) COLLATE utf8_bin NOT NULL,
  `prefs` text COLLATE utf8_bin NOT NULL,
  `last_update` timestamp NOT NULL DEFAULT CURRENT_TIMESTAMP ON UPDATE CURRENT_TIMESTAMP
) ENGINE=InnoDB DEFAULT CHARSET=utf8 COLLATE=utf8_bin COMMENT='Tables'' UI preferences';

--
-- Dumping data for table `pma__table_uiprefs`
--

INSERT INTO `pma__table_uiprefs` (`username`, `db_name`, `table_name`, `prefs`, `last_update`) VALUES
('joppe', 'omacs', 'omacs', '{\"sorted_col\":\"`data` ASC\"}', '2019-01-13 12:23:54');

-- --------------------------------------------------------

--
-- Table structure for table `pma__tracking`
--

CREATE TABLE `pma__tracking` (
  `db_name` varchar(64) COLLATE utf8_bin NOT NULL,
  `table_name` varchar(64) COLLATE utf8_bin NOT NULL,
  `version` int(10) UNSIGNED NOT NULL,
  `date_created` datetime NOT NULL,
  `date_updated` datetime NOT NULL,
  `schema_snapshot` text COLLATE utf8_bin NOT NULL,
  `schema_sql` text COLLATE utf8_bin,
  `data_sql` longtext COLLATE utf8_bin,
  `tracking` set('UPDATE','REPLACE','INSERT','DELETE','TRUNCATE','CREATE DATABASE','ALTER DATABASE','DROP DATABASE','CREATE TABLE','ALTER TABLE','RENAME TABLE','DROP TABLE','CREATE INDEX','DROP INDEX','CREATE VIEW','ALTER VIEW','DROP VIEW') COLLATE utf8_bin DEFAULT NULL,
  `tracking_active` int(1) UNSIGNED NOT NULL DEFAULT '1'
) ENGINE=InnoDB DEFAULT CHARSET=utf8 COLLATE=utf8_bin COMMENT='Database changes tracking for phpMyAdmin';

-- --------------------------------------------------------

--
-- Table structure for table `pma__userconfig`
--

CREATE TABLE `pma__userconfig` (
  `username` varchar(64) COLLATE utf8_bin NOT NULL,
  `timevalue` timestamp NOT NULL DEFAULT CURRENT_TIMESTAMP ON UPDATE CURRENT_TIMESTAMP,
  `config_data` text COLLATE utf8_bin NOT NULL
) ENGINE=InnoDB DEFAULT CHARSET=utf8 COLLATE=utf8_bin COMMENT='User preferences storage for phpMyAdmin';

--
-- Dumping data for table `pma__userconfig`
--

INSERT INTO `pma__userconfig` (`username`, `timevalue`, `config_data`) VALUES
('joppe', '2019-01-13 12:23:46', '{\"Console\\/Mode\":\"collapse\"}');

-- --------------------------------------------------------

--
-- Table structure for table `pma__usergroups`
--

CREATE TABLE `pma__usergroups` (
  `usergroup` varchar(64) COLLATE utf8_bin NOT NULL,
  `tab` varchar(64) COLLATE utf8_bin NOT NULL,
  `allowed` enum('Y','N') COLLATE utf8_bin NOT NULL DEFAULT 'N'
) ENGINE=InnoDB DEFAULT CHARSET=utf8 COLLATE=utf8_bin COMMENT='User groups with configured menu items';

-- --------------------------------------------------------

--
-- Table structure for table `pma__users`
--

CREATE TABLE `pma__users` (
  `username` varchar(64) COLLATE utf8_bin NOT NULL,
  `usergroup` varchar(64) COLLATE utf8_bin NOT NULL
) ENGINE=InnoDB DEFAULT CHARSET=utf8 COLLATE=utf8_bin COMMENT='Users and their assignments to user groups';

-- --------------------------------------------------------

--
-- Table structure for table `profiles`
--

CREATE TABLE `profiles` (
  `id` int(11) NOT NULL,
  `user_id` int(11) NOT NULL,
  `bio` text NOT NULL
) ENGINE=InnoDB DEFAULT CHARSET=utf8;

--
-- Dumping data for table `profiles`
--

INSERT INTO `profiles` (`id`, `user_id`, `bio`) VALUES
(1, 1, '&lt;h1&gt;This is the Admin&#039;s bio.&lt;/h1&gt;');

-- --------------------------------------------------------

--
-- Table structure for table `settings`
--

CREATE TABLE `settings` (
  `id` int(50) NOT NULL,
  `recaptcha` int(1) NOT NULL DEFAULT '0',
  `force_ssl` int(1) NOT NULL,
  `css_sample` int(1) NOT NULL,
  `us_css1` varchar(255) NOT NULL,
  `us_css2` varchar(255) NOT NULL,
  `us_css3` varchar(255) NOT NULL,
  `site_name` varchar(100) NOT NULL,
  `language` varchar(255) NOT NULL,
  `track_guest` int(1) NOT NULL,
  `site_offline` int(1) NOT NULL,
  `force_pr` int(1) NOT NULL,
  `glogin` int(1) NOT NULL DEFAULT '0',
  `fblogin` int(1) NOT NULL,
  `gid` varchar(255) NOT NULL,
  `gsecret` varchar(255) NOT NULL,
  `gredirect` varchar(255) NOT NULL,
  `ghome` varchar(255) NOT NULL,
  `fbid` varchar(255) NOT NULL,
  `fbsecret` varchar(255) NOT NULL,
  `fbcallback` varchar(255) NOT NULL,
  `graph_ver` varchar(255) NOT NULL,
  `finalredir` varchar(255) NOT NULL,
  `req_cap` int(1) NOT NULL,
  `req_num` int(1) NOT NULL,
  `min_pw` int(2) NOT NULL,
  `max_pw` int(3) NOT NULL,
  `min_un` int(2) NOT NULL,
  `max_un` int(3) NOT NULL,
  `messaging` int(1) NOT NULL,
  `snooping` int(1) NOT NULL,
  `echouser` int(11) NOT NULL,
  `wys` int(1) NOT NULL,
  `change_un` int(1) NOT NULL,
  `backup_dest` varchar(255) NOT NULL,
  `backup_source` varchar(255) NOT NULL,
  `backup_table` varchar(255) NOT NULL,
  `msg_notification` int(1) NOT NULL,
  `permission_restriction` int(1) NOT NULL,
  `auto_assign_un` int(1) NOT NULL,
  `page_permission_restriction` int(1) NOT NULL,
  `msg_blocked_users` int(1) NOT NULL,
  `msg_default_to` int(1) NOT NULL,
  `notifications` int(1) NOT NULL,
  `notif_daylimit` int(3) NOT NULL,
  `recap_public` varchar(100) NOT NULL,
  `recap_private` varchar(100) NOT NULL,
  `page_default_private` int(1) NOT NULL,
  `navigation_type` tinyint(1) NOT NULL,
  `copyright` varchar(255) NOT NULL,
  `custom_settings` int(1) NOT NULL,
  `system_announcement` varchar(255) NOT NULL,
  `twofa` int(1) DEFAULT '0',
  `force_notif` tinyint(1) DEFAULT NULL,
  `cron_ip` varchar(255) DEFAULT NULL,
  `registration` tinyint(1) DEFAULT NULL,
  `join_vericode_expiry` int(9) UNSIGNED NOT NULL,
  `reset_vericode_expiry` int(9) UNSIGNED NOT NULL,
  `admin_verify` tinyint(1) NOT NULL,
  `admin_verify_timeout` int(9) NOT NULL,
  `session_manager` tinyint(1) NOT NULL
) ENGINE=InnoDB DEFAULT CHARSET=utf8;

--
-- Dumping data for table `settings`
--

INSERT INTO `settings` (`id`, `recaptcha`, `force_ssl`, `css_sample`, `us_css1`, `us_css2`, `us_css3`, `site_name`, `language`, `track_guest`, `site_offline`, `force_pr`, `glogin`, `fblogin`, `gid`, `gsecret`, `gredirect`, `ghome`, `fbid`, `fbsecret`, `fbcallback`, `graph_ver`, `finalredir`, `req_cap`, `req_num`, `min_pw`, `max_pw`, `min_un`, `max_un`, `messaging`, `snooping`, `echouser`, `wys`, `change_un`, `backup_dest`, `backup_source`, `backup_table`, `msg_notification`, `permission_restriction`, `auto_assign_un`, `page_permission_restriction`, `msg_blocked_users`, `msg_default_to`, `notifications`, `notif_daylimit`, `recap_public`, `recap_private`, `page_default_private`, `navigation_type`, `copyright`, `custom_settings`, `system_announcement`, `twofa`, `force_notif`, `cron_ip`, `registration`, `join_vericode_expiry`, `reset_vericode_expiry`, `admin_verify`, `admin_verify_timeout`, `session_manager`) VALUES
(1, 0, 0, 0, '../users/css/color_schemes/bootstrap.min.css', '../users/css/sb-admin.css', '../users/css/custom.css', 'OMACS', 'en', 1, 0, 1, 0, 0, '', '', '', '', '', '', '', '', '', 0, 0, 6, 30, 4, 30, 0, 1, 0, 1, 0, '/', 'everything', '', 0, 0, 0, 0, 0, 1, 0, 7, '6LeIxAcTAAAAAJcZVRqyHh71UMIEGNQ_MXjiZKhI', '6LeIxAcTAAAAAGG-vFI1TnRWxMZNFuojJ4WifJWe', 1, 1, 'Joppe Blondel', 1, '', 0, 0, 'off', 0, 48, 30, 1, 120, 0);

-- --------------------------------------------------------

--
-- Table structure for table `updates`
--

CREATE TABLE `updates` (
  `id` int(11) NOT NULL,
  `migration` varchar(15) NOT NULL,
  `applied_on` timestamp NOT NULL DEFAULT CURRENT_TIMESTAMP ON UPDATE CURRENT_TIMESTAMP
) ENGINE=InnoDB DEFAULT CHARSET=latin1;

--
-- Dumping data for table `updates`
--

INSERT INTO `updates` (`id`, `migration`, `applied_on`) VALUES
(15, '1XdrInkjV86F', '2018-02-18 22:33:24'),
(16, '3GJYaKcqUtw7', '2018-04-25 16:51:08'),
(17, '3GJYaKcqUtz8', '2018-04-25 16:51:08'),
(18, '69qa8h6E1bzG', '2018-04-25 16:51:08'),
(19, '2XQjsKYJAfn1', '2018-04-25 16:51:08'),
(20, '549DLFeHMNw7', '2018-04-25 16:51:08'),
(21, '4Dgt2XVjgz2x', '2018-04-25 16:51:08'),
(22, 'VLBp32gTWvEo', '2018-04-25 16:51:08'),
(23, 'Q3KlhjdtxE5X', '2018-04-25 16:51:08'),
(24, 'ug5D3pVrNvfS', '2018-04-25 16:51:08'),
(25, '69FbVbv4Jtrz', '2018-04-25 16:51:09'),
(26, '4A6BdJHyvP4a', '2018-04-25 16:51:09'),
(27, '37wvsb5BzymK', '2018-04-25 16:51:09'),
(28, 'c7tZQf926zKq', '2018-04-25 16:51:09'),
(29, 'ockrg4eU33GP', '2018-04-25 16:51:09'),
(30, 'XX4zArPs4tor', '2018-04-25 16:51:09'),
(31, 'pv7r2EHbVvhD', '2018-04-26 00:00:00'),
(32, 'uNT7NpgcBDFD', '2018-04-26 00:00:00'),
(33, 'mS5VtQCZjyJs', '2018-05-24 13:01:16');

-- --------------------------------------------------------

--
-- Table structure for table `users`
--

CREATE TABLE `users` (
  `id` int(11) NOT NULL,
  `email` varchar(155) NOT NULL,
  `email_new` varchar(155) DEFAULT NULL,
  `username` varchar(255) NOT NULL,
  `password` varchar(255) DEFAULT NULL,
  `pin` varchar(255) DEFAULT NULL,
  `fname` varchar(255) NOT NULL,
  `lname` varchar(255) NOT NULL,
  `permissions` int(11) NOT NULL,
  `logins` int(100) NOT NULL,
  `account_owner` tinyint(4) NOT NULL DEFAULT '0',
  `account_id` int(11) NOT NULL DEFAULT '0',
  `company` varchar(255) NOT NULL,
  `join_date` datetime NOT NULL,
  `last_login` datetime NOT NULL,
  `email_verified` tinyint(4) NOT NULL DEFAULT '0',
  `vericode` varchar(15) NOT NULL,
  `vericode_expiry` timestamp NOT NULL DEFAULT CURRENT_TIMESTAMP ON UPDATE CURRENT_TIMESTAMP,
  `active` int(1) NOT NULL,
  `oauth_provider` varchar(255) CHARACTER SET utf8 COLLATE utf8_unicode_ci NOT NULL,
  `oauth_uid` varchar(255) CHARACTER SET utf8 COLLATE utf8_unicode_ci NOT NULL,
  `gender` varchar(10) CHARACTER SET utf8 COLLATE utf8_unicode_ci NOT NULL,
  `locale` varchar(10) CHARACTER SET utf8 COLLATE utf8_unicode_ci NOT NULL,
  `gpluslink` varchar(255) CHARACTER SET utf8 COLLATE utf8_unicode_ci NOT NULL,
  `picture` varchar(255) CHARACTER SET utf8 COLLATE utf8_unicode_ci NOT NULL,
  `created` datetime NOT NULL,
  `modified` datetime NOT NULL,
  `fb_uid` varchar(255) NOT NULL,
  `un_changed` int(1) NOT NULL,
  `msg_exempt` int(1) NOT NULL DEFAULT '0',
  `last_confirm` datetime DEFAULT NULL,
  `protected` int(1) NOT NULL DEFAULT '0',
  `dev_user` int(1) NOT NULL DEFAULT '0',
  `msg_notification` int(1) NOT NULL DEFAULT '1',
  `force_pr` int(1) NOT NULL DEFAULT '0',
  `twoKey` varchar(16) DEFAULT NULL,
  `twoEnabled` int(1) DEFAULT '0',
  `twoDate` datetime DEFAULT NULL,
  `cloak_allowed` tinyint(1) NOT NULL DEFAULT '0'
) ENGINE=InnoDB DEFAULT CHARSET=utf8;

--
-- Dumping data for table `users`
--

INSERT INTO `users` (`id`, `email`, `email_new`, `username`, `password`, `pin`, `fname`, `lname`, `permissions`, `logins`, `account_owner`, `account_id`, `company`, `join_date`, `last_login`, `email_verified`, `vericode`, `vericode_expiry`, `active`, `oauth_provider`, `oauth_uid`, `gender`, `locale`, `gpluslink`, `picture`, `created`, `modified`, `fb_uid`, `un_changed`, `msg_exempt`, `last_confirm`, `protected`, `dev_user`, `msg_notification`, `force_pr`, `twoKey`, `twoEnabled`, `twoDate`, `cloak_allowed`) VALUES
(1, 'email@address.com', NULL, 'admin', '$2y$12$q7PNOeushA4xHFsuA03ApOXOCB6iloV/hTi6SjYwC635AgHfjTNIC', NULL, 'OMACS', 'ADMIN', 1, 64, 1, 0, 'UserSpice', '2016-01-01 00:00:00', '2019-01-16 17:11:31', 1, 'CzK3eu1XDB0oytQ', '2019-01-16 16:11:31', 0, '', '', '', '', '', '', '0000-00-00 00:00:00', '1899-11-30 00:00:00', '', 0, 1, '2017-10-08 15:24:37', 1, 0, 1, 0, NULL, 0, NULL, 0);

-- --------------------------------------------------------

--
-- Table structure for table `users_online`
--

CREATE TABLE `users_online` (
  `id` int(10) NOT NULL,
  `ip` varchar(15) NOT NULL,
  `timestamp` varchar(15) NOT NULL,
  `user_id` int(10) NOT NULL,
  `session` varchar(50) NOT NULL
) ENGINE=InnoDB DEFAULT CHARSET=utf8;

--
-- Dumping data for table `users_online`
--

INSERT INTO `users_online` (`id`, `ip`, `timestamp`, `user_id`, `session`) VALUES
(1, '::1', '1547655138', 1, '');

-- --------------------------------------------------------

--
-- Table structure for table `users_session`
--

CREATE TABLE `users_session` (
  `id` int(11) NOT NULL,
  `user_id` int(11) NOT NULL,
  `hash` varchar(255) NOT NULL,
  `uagent` text
) ENGINE=InnoDB DEFAULT CHARSET=utf8;

-- --------------------------------------------------------

--
-- Table structure for table `user_permission_matches`
--

CREATE TABLE `user_permission_matches` (
  `id` int(11) NOT NULL,
  `user_id` int(11) NOT NULL,
  `permission_id` int(11) NOT NULL
) ENGINE=InnoDB DEFAULT CHARSET=utf8;

--
-- Dumping data for table `user_permission_matches`
--

INSERT INTO `user_permission_matches` (`id`, `user_id`, `permission_id`) VALUES
(100, 1, 1),
(150, 1, 2);

-- --------------------------------------------------------

--
-- Table structure for table `us_fingerprints`
--

CREATE TABLE `us_fingerprints` (
  `kFingerprintID` int(11) UNSIGNED NOT NULL,
  `fkUserID` int(11) NOT NULL,
  `Fingerprint` varchar(32) NOT NULL,
  `Fingerprint_Expiry` datetime NOT NULL,
  `Fingerprint_Added` timestamp NOT NULL DEFAULT CURRENT_TIMESTAMP ON UPDATE CURRENT_TIMESTAMP
) ENGINE=InnoDB DEFAULT CHARSET=latin1;

-- --------------------------------------------------------

--
-- Table structure for table `us_fingerprint_assets`
--

CREATE TABLE `us_fingerprint_assets` (
  `kFingerprintAssetID` int(11) UNSIGNED NOT NULL,
  `fkFingerprintID` int(11) NOT NULL,
  `IP_Address` varchar(255) NOT NULL,
  `User_Browser` varchar(255) NOT NULL,
  `User_OS` varchar(255) NOT NULL
) ENGINE=InnoDB DEFAULT CHARSET=latin1;

-- --------------------------------------------------------

--
-- Table structure for table `us_forms`
--

CREATE TABLE `us_forms` (
  `id` int(11) NOT NULL,
  `form` varchar(255) NOT NULL
) ENGINE=InnoDB DEFAULT CHARSET=latin1;

-- --------------------------------------------------------

--
-- Table structure for table `us_form_validation`
--

CREATE TABLE `us_form_validation` (
  `id` int(11) NOT NULL,
  `value` varchar(255) NOT NULL,
  `description` varchar(255) NOT NULL,
  `params` varchar(255) NOT NULL
) ENGINE=InnoDB DEFAULT CHARSET=latin1;

--
-- Dumping data for table `us_form_validation`
--

INSERT INTO `us_form_validation` (`id`, `value`, `description`, `params`) VALUES
(1, 'min', 'Minimum # of Characters', 'number'),
(2, 'max', 'Maximum # of Characters', 'number'),
(3, 'is_numeric', 'Must be a number', 'true'),
(4, 'valid_email', 'Must be a valid email address', 'true'),
(5, '<', 'Must be a number less than', 'number'),
(6, '>', 'Must be a number greater than', 'number'),
(7, '<=', 'Must be a number less than or equal to', 'number'),
(8, '>=', 'Must be a number greater than or equal to', 'number'),
(9, '!=', 'Must not be equal to', 'text'),
(10, '==', 'Must be equal to', 'text'),
(11, 'is_integer', 'Must be an integer', 'true'),
(12, 'is_timezone', 'Must be a valid timezone name', 'true'),
(13, 'is_datetime', 'Must be a valid DateTime', 'true');

-- --------------------------------------------------------

--
-- Table structure for table `us_form_views`
--

CREATE TABLE `us_form_views` (
  `id` int(11) NOT NULL,
  `form_name` varchar(255) NOT NULL,
  `view_name` varchar(255) NOT NULL,
  `fields` text NOT NULL
) ENGINE=InnoDB DEFAULT CHARSET=latin1;

-- --------------------------------------------------------

--
-- Table structure for table `us_ip_blacklist`
--

CREATE TABLE `us_ip_blacklist` (
  `id` int(11) NOT NULL,
  `ip` varchar(50) NOT NULL,
  `last_user` int(11) NOT NULL DEFAULT '0',
  `reason` int(11) NOT NULL DEFAULT '0'
) ENGINE=InnoDB DEFAULT CHARSET=latin1;

--
-- Dumping data for table `us_ip_blacklist`
--

INSERT INTO `us_ip_blacklist` (`id`, `ip`, `last_user`, `reason`) VALUES
(3, '192.168.0.21', 1, 0),
(4, '192.168.0.22', 1, 0),
(10, '192.168.0.222', 0, 0);

-- --------------------------------------------------------

--
-- Table structure for table `us_ip_list`
--

CREATE TABLE `us_ip_list` (
  `id` int(11) NOT NULL,
  `ip` varchar(50) NOT NULL,
  `user_id` int(11) NOT NULL,
  `timestamp` timestamp NOT NULL DEFAULT CURRENT_TIMESTAMP ON UPDATE CURRENT_TIMESTAMP
) ENGINE=InnoDB DEFAULT CHARSET=latin1;

--
-- Dumping data for table `us_ip_list`
--

INSERT INTO `us_ip_list` (`id`, `ip`, `user_id`, `timestamp`) VALUES
(1, '::1', 1, '2017-10-09 15:20:03'),
(2, '192.168.178.1', 1, '2019-01-14 16:42:53'),
(3, '130.89.231.205', 1, '2018-05-24 17:13:17'),
(4, '130.89.236.62', 11, '2018-05-29 12:57:30'),
(5, '130.89.92.100', 11, '2018-05-31 11:35:48'),
(6, '130.89.208.189', 11, '2019-01-14 12:53:49');

-- --------------------------------------------------------

--
-- Table structure for table `us_ip_whitelist`
--

CREATE TABLE `us_ip_whitelist` (
  `id` int(11) NOT NULL,
  `ip` varchar(50) NOT NULL
) ENGINE=InnoDB DEFAULT CHARSET=latin1;

--
-- Dumping data for table `us_ip_whitelist`
--

INSERT INTO `us_ip_whitelist` (`id`, `ip`) VALUES
(2, '192.168.0.21'),
(3, '192.168.0.23');

-- --------------------------------------------------------

--
-- Table structure for table `us_user_sessions`
--

CREATE TABLE `us_user_sessions` (
  `kUserSessionID` int(11) UNSIGNED NOT NULL,
  `fkUserID` int(11) UNSIGNED NOT NULL,
  `UserFingerprint` varchar(255) NOT NULL,
  `UserSessionIP` varchar(255) NOT NULL,
  `UserSessionOS` varchar(255) NOT NULL,
  `UserSessionBrowser` varchar(255) NOT NULL,
  `UserSessionStarted` datetime NOT NULL,
  `UserSessionLastUsed` datetime DEFAULT NULL,
  `UserSessionLastPage` varchar(255) NOT NULL,
  `UserSessionEnded` tinyint(1) NOT NULL DEFAULT '0',
  `UserSessionEnded_Time` datetime DEFAULT NULL
) ENGINE=InnoDB DEFAULT CHARSET=latin1;

--
-- Indexes for dumped tables
--

--
-- Indexes for table `audit`
--
ALTER TABLE `audit`
  ADD PRIMARY KEY (`id`);

--
-- Indexes for table `crons`
--
ALTER TABLE `crons`
  ADD PRIMARY KEY (`id`);

--
-- Indexes for table `crons_logs`
--
ALTER TABLE `crons_logs`
  ADD PRIMARY KEY (`id`);

--
-- Indexes for table `email`
--
ALTER TABLE `email`
  ADD PRIMARY KEY (`id`);

--
-- Indexes for table `groups_menus`
--
ALTER TABLE `groups_menus`
  ADD PRIMARY KEY (`id`),
  ADD KEY `group_id` (`group_id`),
  ADD KEY `menu_id` (`menu_id`);

--
-- Indexes for table `keys`
--
ALTER TABLE `keys`
  ADD PRIMARY KEY (`id`);

--
-- Indexes for table `logs`
--
ALTER TABLE `logs`
  ADD PRIMARY KEY (`id`);

--
-- Indexes for table `logs_exempt`
--
ALTER TABLE `logs_exempt`
  ADD PRIMARY KEY (`id`),
  ADD UNIQUE KEY `logs_exempt_type` (`name`);

--
-- Indexes for table `menus`
--
ALTER TABLE `menus`
  ADD PRIMARY KEY (`id`);

--
-- Indexes for table `messages`
--
ALTER TABLE `messages`
  ADD PRIMARY KEY (`id`);

--
-- Indexes for table `message_threads`
--
ALTER TABLE `message_threads`
  ADD PRIMARY KEY (`id`);

--
-- Indexes for table `mqtt`
--
ALTER TABLE `mqtt`
  ADD PRIMARY KEY (`id`);

--
-- Indexes for table `notifications`
--
ALTER TABLE `notifications`
  ADD PRIMARY KEY (`id`);

--
-- Indexes for table `pages`
--
ALTER TABLE `pages`
  ADD PRIMARY KEY (`id`);

--
-- Indexes for table `permissions`
--
ALTER TABLE `permissions`
  ADD PRIMARY KEY (`id`);

--
-- Indexes for table `permission_page_matches`
--
ALTER TABLE `permission_page_matches`
  ADD PRIMARY KEY (`id`);

--
-- Indexes for table `pma__bookmark`
--
ALTER TABLE `pma__bookmark`
  ADD PRIMARY KEY (`id`);

--
-- Indexes for table `pma__central_columns`
--
ALTER TABLE `pma__central_columns`
  ADD PRIMARY KEY (`db_name`,`col_name`);

--
-- Indexes for table `pma__column_info`
--
ALTER TABLE `pma__column_info`
  ADD PRIMARY KEY (`id`),
  ADD UNIQUE KEY `db_name` (`db_name`,`table_name`,`column_name`);

--
-- Indexes for table `pma__designer_settings`
--
ALTER TABLE `pma__designer_settings`
  ADD PRIMARY KEY (`username`);

--
-- Indexes for table `pma__export_templates`
--
ALTER TABLE `pma__export_templates`
  ADD PRIMARY KEY (`id`),
  ADD UNIQUE KEY `u_user_type_template` (`username`,`export_type`,`template_name`);

--
-- Indexes for table `pma__favorite`
--
ALTER TABLE `pma__favorite`
  ADD PRIMARY KEY (`username`);

--
-- Indexes for table `pma__history`
--
ALTER TABLE `pma__history`
  ADD PRIMARY KEY (`id`),
  ADD KEY `username` (`username`,`db`,`table`,`timevalue`);

--
-- Indexes for table `pma__navigationhiding`
--
ALTER TABLE `pma__navigationhiding`
  ADD PRIMARY KEY (`username`,`item_name`,`item_type`,`db_name`,`table_name`);

--
-- Indexes for table `pma__pdf_pages`
--
ALTER TABLE `pma__pdf_pages`
  ADD PRIMARY KEY (`page_nr`),
  ADD KEY `db_name` (`db_name`);

--
-- Indexes for table `pma__recent`
--
ALTER TABLE `pma__recent`
  ADD PRIMARY KEY (`username`);

--
-- Indexes for table `pma__relation`
--
ALTER TABLE `pma__relation`
  ADD PRIMARY KEY (`master_db`,`master_table`,`master_field`),
  ADD KEY `foreign_field` (`foreign_db`,`foreign_table`);

--
-- Indexes for table `pma__savedsearches`
--
ALTER TABLE `pma__savedsearches`
  ADD PRIMARY KEY (`id`),
  ADD UNIQUE KEY `u_savedsearches_username_dbname` (`username`,`db_name`,`search_name`);

--
-- Indexes for table `pma__table_coords`
--
ALTER TABLE `pma__table_coords`
  ADD PRIMARY KEY (`db_name`,`table_name`,`pdf_page_number`);

--
-- Indexes for table `pma__table_info`
--
ALTER TABLE `pma__table_info`
  ADD PRIMARY KEY (`db_name`,`table_name`);

--
-- Indexes for table `pma__table_uiprefs`
--
ALTER TABLE `pma__table_uiprefs`
  ADD PRIMARY KEY (`username`,`db_name`,`table_name`);

--
-- Indexes for table `pma__tracking`
--
ALTER TABLE `pma__tracking`
  ADD PRIMARY KEY (`db_name`,`table_name`,`version`);

--
-- Indexes for table `pma__userconfig`
--
ALTER TABLE `pma__userconfig`
  ADD PRIMARY KEY (`username`);

--
-- Indexes for table `pma__usergroups`
--
ALTER TABLE `pma__usergroups`
  ADD PRIMARY KEY (`usergroup`,`tab`,`allowed`);

--
-- Indexes for table `pma__users`
--
ALTER TABLE `pma__users`
  ADD PRIMARY KEY (`username`,`usergroup`);

--
-- Indexes for table `profiles`
--
ALTER TABLE `profiles`
  ADD PRIMARY KEY (`id`);

--
-- Indexes for table `settings`
--
ALTER TABLE `settings`
  ADD PRIMARY KEY (`id`);

--
-- Indexes for table `updates`
--
ALTER TABLE `updates`
  ADD PRIMARY KEY (`id`);

--
-- Indexes for table `users`
--
ALTER TABLE `users`
  ADD PRIMARY KEY (`id`),
  ADD KEY `EMAIL` (`email`) USING BTREE;

--
-- Indexes for table `users_online`
--
ALTER TABLE `users_online`
  ADD PRIMARY KEY (`id`);

--
-- Indexes for table `users_session`
--
ALTER TABLE `users_session`
  ADD PRIMARY KEY (`id`);

--
-- Indexes for table `user_permission_matches`
--
ALTER TABLE `user_permission_matches`
  ADD PRIMARY KEY (`id`);

--
-- Indexes for table `us_fingerprints`
--
ALTER TABLE `us_fingerprints`
  ADD PRIMARY KEY (`kFingerprintID`);

--
-- Indexes for table `us_fingerprint_assets`
--
ALTER TABLE `us_fingerprint_assets`
  ADD PRIMARY KEY (`kFingerprintAssetID`);

--
-- Indexes for table `us_forms`
--
ALTER TABLE `us_forms`
  ADD PRIMARY KEY (`id`);

--
-- Indexes for table `us_form_validation`
--
ALTER TABLE `us_form_validation`
  ADD PRIMARY KEY (`id`);

--
-- Indexes for table `us_form_views`
--
ALTER TABLE `us_form_views`
  ADD PRIMARY KEY (`id`);

--
-- Indexes for table `us_ip_blacklist`
--
ALTER TABLE `us_ip_blacklist`
  ADD PRIMARY KEY (`id`);

--
-- Indexes for table `us_ip_list`
--
ALTER TABLE `us_ip_list`
  ADD PRIMARY KEY (`id`);

--
-- Indexes for table `us_ip_whitelist`
--
ALTER TABLE `us_ip_whitelist`
  ADD PRIMARY KEY (`id`);

--
-- Indexes for table `us_user_sessions`
--
ALTER TABLE `us_user_sessions`
  ADD PRIMARY KEY (`kUserSessionID`);

--
-- AUTO_INCREMENT for dumped tables
--

--
-- AUTO_INCREMENT for table `audit`
--
ALTER TABLE `audit`
  MODIFY `id` int(11) NOT NULL AUTO_INCREMENT, AUTO_INCREMENT=2;

--
-- AUTO_INCREMENT for table `crons`
--
ALTER TABLE `crons`
  MODIFY `id` int(11) NOT NULL AUTO_INCREMENT, AUTO_INCREMENT=2;

--
-- AUTO_INCREMENT for table `crons_logs`
--
ALTER TABLE `crons_logs`
  MODIFY `id` int(11) NOT NULL AUTO_INCREMENT;

--
-- AUTO_INCREMENT for table `email`
--
ALTER TABLE `email`
  MODIFY `id` int(11) NOT NULL AUTO_INCREMENT, AUTO_INCREMENT=2;

--
-- AUTO_INCREMENT for table `groups_menus`
--
ALTER TABLE `groups_menus`
  MODIFY `id` int(11) NOT NULL AUTO_INCREMENT, AUTO_INCREMENT=38;

--
-- AUTO_INCREMENT for table `keys`
--
ALTER TABLE `keys`
  MODIFY `id` int(11) NOT NULL AUTO_INCREMENT;

--
-- AUTO_INCREMENT for table `logs`
--
ALTER TABLE `logs`
  MODIFY `id` int(11) NOT NULL AUTO_INCREMENT, AUTO_INCREMENT=578;

--
-- AUTO_INCREMENT for table `logs_exempt`
--
ALTER TABLE `logs_exempt`
  MODIFY `id` int(11) NOT NULL AUTO_INCREMENT;

--
-- AUTO_INCREMENT for table `menus`
--
ALTER TABLE `menus`
  MODIFY `id` int(10) NOT NULL AUTO_INCREMENT, AUTO_INCREMENT=23;

--
-- AUTO_INCREMENT for table `messages`
--
ALTER TABLE `messages`
  MODIFY `id` int(11) NOT NULL AUTO_INCREMENT, AUTO_INCREMENT=3;

--
-- AUTO_INCREMENT for table `message_threads`
--
ALTER TABLE `message_threads`
  MODIFY `id` int(11) NOT NULL AUTO_INCREMENT, AUTO_INCREMENT=3;

--
-- AUTO_INCREMENT for table `mqtt`
--
ALTER TABLE `mqtt`
  MODIFY `id` int(11) NOT NULL AUTO_INCREMENT, AUTO_INCREMENT=3;

--
-- AUTO_INCREMENT for table `notifications`
--
ALTER TABLE `notifications`
  MODIFY `id` int(11) UNSIGNED NOT NULL AUTO_INCREMENT;

--
-- AUTO_INCREMENT for table `pages`
--
ALTER TABLE `pages`
  MODIFY `id` int(11) NOT NULL AUTO_INCREMENT, AUTO_INCREMENT=87;

--
-- AUTO_INCREMENT for table `permissions`
--
ALTER TABLE `permissions`
  MODIFY `id` int(11) NOT NULL AUTO_INCREMENT, AUTO_INCREMENT=58;

--
-- AUTO_INCREMENT for table `permission_page_matches`
--
ALTER TABLE `permission_page_matches`
  MODIFY `id` int(11) NOT NULL AUTO_INCREMENT, AUTO_INCREMENT=58;

--
-- AUTO_INCREMENT for table `pma__bookmark`
--
ALTER TABLE `pma__bookmark`
  MODIFY `id` int(10) UNSIGNED NOT NULL AUTO_INCREMENT;

--
-- AUTO_INCREMENT for table `pma__column_info`
--
ALTER TABLE `pma__column_info`
  MODIFY `id` int(5) UNSIGNED NOT NULL AUTO_INCREMENT;

--
-- AUTO_INCREMENT for table `pma__export_templates`
--
ALTER TABLE `pma__export_templates`
  MODIFY `id` int(5) UNSIGNED NOT NULL AUTO_INCREMENT;

--
-- AUTO_INCREMENT for table `pma__history`
--
ALTER TABLE `pma__history`
  MODIFY `id` bigint(20) UNSIGNED NOT NULL AUTO_INCREMENT;

--
-- AUTO_INCREMENT for table `pma__pdf_pages`
--
ALTER TABLE `pma__pdf_pages`
  MODIFY `page_nr` int(10) UNSIGNED NOT NULL AUTO_INCREMENT;

--
-- AUTO_INCREMENT for table `pma__savedsearches`
--
ALTER TABLE `pma__savedsearches`
  MODIFY `id` int(5) UNSIGNED NOT NULL AUTO_INCREMENT;

--
-- AUTO_INCREMENT for table `profiles`
--
ALTER TABLE `profiles`
  MODIFY `id` int(11) NOT NULL AUTO_INCREMENT, AUTO_INCREMENT=14;

--
-- AUTO_INCREMENT for table `settings`
--
ALTER TABLE `settings`
  MODIFY `id` int(50) NOT NULL AUTO_INCREMENT, AUTO_INCREMENT=2;

--
-- AUTO_INCREMENT for table `updates`
--
ALTER TABLE `updates`
  MODIFY `id` int(11) NOT NULL AUTO_INCREMENT, AUTO_INCREMENT=34;

--
-- AUTO_INCREMENT for table `users`
--
ALTER TABLE `users`
  MODIFY `id` int(11) NOT NULL AUTO_INCREMENT, AUTO_INCREMENT=14;

--
-- AUTO_INCREMENT for table `users_online`
--
ALTER TABLE `users_online`
  MODIFY `id` int(10) NOT NULL AUTO_INCREMENT, AUTO_INCREMENT=8;

--
-- AUTO_INCREMENT for table `users_session`
--
ALTER TABLE `users_session`
  MODIFY `id` int(11) NOT NULL AUTO_INCREMENT, AUTO_INCREMENT=3;

--
-- AUTO_INCREMENT for table `user_permission_matches`
--
ALTER TABLE `user_permission_matches`
  MODIFY `id` int(11) NOT NULL AUTO_INCREMENT, AUTO_INCREMENT=153;

--
-- AUTO_INCREMENT for table `us_fingerprints`
--
ALTER TABLE `us_fingerprints`
  MODIFY `kFingerprintID` int(11) UNSIGNED NOT NULL AUTO_INCREMENT;

--
-- AUTO_INCREMENT for table `us_fingerprint_assets`
--
ALTER TABLE `us_fingerprint_assets`
  MODIFY `kFingerprintAssetID` int(11) UNSIGNED NOT NULL AUTO_INCREMENT;

--
-- AUTO_INCREMENT for table `us_forms`
--
ALTER TABLE `us_forms`
  MODIFY `id` int(11) NOT NULL AUTO_INCREMENT;

--
-- AUTO_INCREMENT for table `us_form_validation`
--
ALTER TABLE `us_form_validation`
  MODIFY `id` int(11) NOT NULL AUTO_INCREMENT, AUTO_INCREMENT=14;

--
-- AUTO_INCREMENT for table `us_form_views`
--
ALTER TABLE `us_form_views`
  MODIFY `id` int(11) NOT NULL AUTO_INCREMENT;

--
-- AUTO_INCREMENT for table `us_ip_blacklist`
--
ALTER TABLE `us_ip_blacklist`
  MODIFY `id` int(11) NOT NULL AUTO_INCREMENT, AUTO_INCREMENT=11;

--
-- AUTO_INCREMENT for table `us_ip_list`
--
ALTER TABLE `us_ip_list`
  MODIFY `id` int(11) NOT NULL AUTO_INCREMENT, AUTO_INCREMENT=7;

--
-- AUTO_INCREMENT for table `us_ip_whitelist`
--
ALTER TABLE `us_ip_whitelist`
  MODIFY `id` int(11) NOT NULL AUTO_INCREMENT, AUTO_INCREMENT=4;

--
-- AUTO_INCREMENT for table `us_user_sessions`
--
ALTER TABLE `us_user_sessions`
  MODIFY `kUserSessionID` int(11) UNSIGNED NOT NULL AUTO_INCREMENT;
COMMIT;

/*!40101 SET CHARACTER_SET_CLIENT=@OLD_CHARACTER_SET_CLIENT */;
/*!40101 SET CHARACTER_SET_RESULTS=@OLD_CHARACTER_SET_RESULTS */;
/*!40101 SET COLLATION_CONNECTION=@OLD_COLLATION_CONNECTION */;
